22.3631,22.4611,22.5063,22.5518,22.5959,22.6386,22.6798,22.7194,22.7577,22.7945,22.8299,22.8639,22.8966,22.9279,22.958,22.9868,23.0144,23.0408,23.0659,23.09,23.1128,23.1346,23.1552,23.1747,23.1932,23.2105,23.2269,23.2421,23.2564,23.2696,23.2818,23.293,23.3031,23.3123,23.3205,23.3276,23.3338,23.339,23.3432,23.3464,23.3485,23.3497,23.3499,23.3491,23.3473,23.3445,23.3406,23.3357,23.3298,23.3229,23.3148,23.3058,23.2956,23.2843,23.272,23.2585,23.2438,23.228,23.211,23.1929,23.1734,23.1527,23.1308,23.1074,23.0828,23.0567,23.0291,23.0001,22.9694,22.9371,22.9031,22.8672,22.8292,22.7891,22.7464,22.7007,22.6512,22.596,22.5308,22.4437,22.3924,
22.4614,22.4834,22.5282,22.573,22.6164,22.6582,22.6987,22.7376,22.7752,22.8113,22.8461,22.8795,22.9115,22.9423,22.9719,23.0002,23.0272,23.0531,23.0779,23.1015,23.1239,23.1453,23.1655,23.1847,23.2028,23.2199,23.2359,23.2509,23.2649,23.2779,23.2899,23.3009,23.3109,23.3199,23.3279,23.3349,23.341,23.3461,23.3502,23.3533,23.3554,23.3566,23.3568,23.356,23.3542,23.3514,23.3476,23.3428,23.337,23.3302,23.3223,23.3134,23.3034,23.2923,23.2801,23.2669,23.2525,23.237,23.2203,23.2024,23.1833,23.163,23.1414,23.1185,23.0942,23.0686,23.0415,23.0129,22.9828,22.9511,22.9177,22.8824,22.8452,22.8058,22.764,22.7193,22.6712,22.6183,22.5583,22.4877,22.4492,
22.5089,22.5305,22.5742,22.6175,22.6593,22.6997,22.7386,22.7762,22.8123,22.8471,22.8805,22.9127,22.9436,22.9732,23.0016,23.0289,23.055,23.0799,23.1037,23.1264,23.1481,23.1686,23.1882,23.2066,23.2241,23.2406,23.256,23.2705,23.284,23.2965,23.308,23.3186,23.3282,23.3369,23.3446,23.3514,23.3573,23.3622,23.3661,23.3691,23.3712,23.3723,23.3725,23.3717,23.37,23.3673,23.3637,23.359,23.3534,23.3468,23.3392,23.3306,23.3209,23.3102,23.2985,23.2857,23.2718,23.2569,23.2408,23.2235,23.2051,23.1855,23.1647,23.1426,23.1192,23.0945,23.0684,23.0409,23.0119,22.9814,22.9492,22.9153,22.8795,22.8418,22.8019,22.7595,22.7144,22.6664,22.6155,22.5667,22.5439,
22.5602,22.5811,22.6232,22.665,22.7052,22.744,22.7814,22.8175,22.8522,22.8856,22.9177,22.9486,22.9783,23.0067,23.034,23.0602,23.0853,23.1092,23.1321,23.154,23.1748,23.1945,23.2133,23.2311,23.2479,23.2637,23.2785,23.2925,23.3054,23.3175,23.3286,23.3388,23.348,23.3564,23.3638,23.3703,23.376,23.3807,23.3845,23.3874,23.3894,23.3905,23.3906,23.3899,23.3882,23.3856,23.3821,23.3777,23.3722,23.3659,23.3586,23.3503,23.341,23.3307,23.3194,23.3071,23.2938,23.2793,23.2639,23.2473,23.2296,23.2107,23.1907,23.1695,23.147,23.1233,23.0982,23.0718,23.044,23.0147,22.9839,22.9514,22.9173,22.8814,22.8436,22.8039,22.7621,22.7186,22.6742,22.633,22.6141,
22.6136,22.6335,22.6739,22.714,22.7526,22.7898,22.8257,22.8602,22.8934,22.9254,22.9562,22.9858,23.0142,23.0415,23.0676,23.0927,23.1167,23.1397,23.1617,23.1826,23.2025,23.2215,23.2395,23.2565,23.2726,23.2878,23.3021,23.3154,23.3279,23.3394,23.3501,23.3599,23.3688,23.3768,23.3839,23.3902,23.3956,23.4002,23.4038,23.4066,23.4085,23.4096,23.4097,23.409,23.4074,23.405,23.4016,23.3973,23.3921,23.386,23.379,23.371,23.3621,23.3522,23.3414,23.3296,23.3168,23.303,23.2881,23.2722,23.2552,23.2372,23.218,23.1976,23.1761,23.1534,23.1294,23.1042,23.0776,23.0496,23.0202,22.9894,22.957,22.923,22.8874,22.8502,22.8116,22.7719,22.7317,22.6941,22.6767,
22.6687,22.6877,22.7262,22.7646,22.8015,22.837,22.8713,22.9043,22.936,22.9666,22.9959,23.0242,23.0513,23.0774,23.1024,23.1264,23.1493,23.1713,23.1923,23.2123,23.2313,23.2495,23.2667,23.283,23.2984,23.313,23.3266,23.3394,23.3513,23.3624,23.3726,23.382,23.3905,23.3982,23.405,23.4111,23.4162,23.4206,23.4241,23.4268,23.4286,23.4296,23.4298,23.4291,23.4276,23.4252,23.422,23.4179,23.4129,23.4071,23.4004,23.3928,23.3842,23.3748,23.3644,23.3531,23.3409,23.3277,23.3135,23.2983,23.2821,23.2648,23.2465,23.227,23.2065,23.1848,23.162,23.1379,23.1126,23.086,23.0581,23.0289,22.9983,22.9662,22.9328,22.8981,22.8623,22.8255,22.7884,22.7533,22.7369,
22.7255,22.7435,22.7801,22.8166,22.8518,22.8856,22.9182,22.9496,22.9798,23.0089,23.0369,23.0638,23.0896,23.1145,23.1383,23.1611,23.183,23.2039,23.2239,23.243,23.2612,23.2785,23.2949,23.3104,23.3252,23.339,23.3521,23.3643,23.3757,23.3862,23.396,23.405,23.4131,23.4205,23.427,23.4328,23.4377,23.4419,23.4453,23.4479,23.4496,23.4506,23.4508,23.4501,23.4487,23.4464,23.4434,23.4395,23.4347,23.4292,23.4228,23.4155,23.4074,23.3984,23.3885,23.3777,23.366,23.3535,23.3399,23.3254,23.31,23.2936,23.2761,23.2576,23.2381,23.2175,23.1958,23.173,23.149,23.1238,23.0975,23.0699,23.041,23.0109,22.9797,22.9472,22.9139,22.8797,22.845,22.8119,22.7964,
22.7839,22.8009,22.8355,22.8701,22.9034,22.9355,22.9665,22.9962,23.0249,23.0525,23.079,23.1045,23.129,23.1526,23.1752,23.1969,23.2176,23.2375,23.2565,23.2746,23.2919,23.3084,23.324,23.3388,23.3528,23.366,23.3784,23.3901,23.4009,23.411,23.4203,23.4288,23.4366,23.4436,23.4499,23.4554,23.4601,23.4641,23.4673,23.4698,23.4715,23.4724,23.4726,23.472,23.4707,23.4685,23.4656,23.4619,23.4574,23.4521,23.4461,23.4392,23.4314,23.4229,23.4135,23.4033,23.3922,23.3802,23.3674,23.3536,23.339,23.3234,23.3069,23.2894,23.2709,23.2514,23.2309,23.2093,23.1866,23.1629,23.1381,23.1121,23.0851,23.0569,23.0277,22.9974,22.9663,22.9344,22.9019,22.8708,22.8561,
22.8438,22.8597,22.8923,22.925,22.9564,22.9867,23.0159,23.044,23.0711,23.0971,23.1222,23.1463,23.1695,23.1917,23.2131,23.2336,23.2532,23.2721,23.29,23.3072,23.3236,23.3392,23.354,23.368,23.3813,23.3939,23.4056,23.4167,23.427,23.4366,23.4454,23.4535,23.4609,23.4676,23.4736,23.4788,23.4833,23.4871,23.4902,23.4926,23.4942,23.4951,23.4953,23.4948,23.4935,23.4915,23.4887,23.4852,23.481,23.476,23.4702,23.4637,23.4564,23.4483,23.4394,23.4298,23.4193,23.408,23.3958,23.3828,23.369,23.3543,23.3387,23.3221,23.3047,23.2863,23.267,23.2467,23.2254,23.2032,23.1799,23.1556,23.1303,23.104,23.0767,23.0486,23.0196,22.9898,22.9593,22.9302,22.9164,
22.9051,22.9199,22.9504,22.9811,23.0106,23.0391,23.0665,23.0929,23.1183,23.1428,23.1664,23.1891,23.2109,23.2318,23.2519,23.2713,23.2898,23.3075,23.3245,23.3407,23.3561,23.3709,23.3848,23.3981,23.4107,23.4225,23.4337,23.4441,23.4539,23.463,23.4713,23.479,23.4861,23.4924,23.4981,23.503,23.5073,23.511,23.5139,23.5162,23.5177,23.5186,23.5188,23.5183,23.5171,23.5153,23.5127,23.5094,23.5054,23.5007,23.4953,23.4891,23.4822,23.4746,23.4663,23.4571,23.4473,23.4366,23.4252,23.413,23.3999,23.3861,23.3714,23.3559,23.3396,23.3223,23.3042,23.2852,23.2653,23.2445,23.2228,23.2001,23.1766,23.1521,23.1268,23.1006,23.0737,23.046,23.0175,22.9903,22.9776,
22.9677,22.9814,23.0098,23.0384,23.066,23.0925,23.1182,23.1428,23.1666,23.1895,23.2116,23.2328,23.2532,23.2728,23.2917,23.3098,23.3272,23.3438,23.3597,23.375,23.3895,23.4033,23.4165,23.429,23.4408,23.452,23.4625,23.4723,23.4815,23.4901,23.498,23.5053,23.5119,23.5179,23.5233,23.528,23.5321,23.5355,23.5383,23.5405,23.542,23.5429,23.5431,23.5426,23.5416,23.5398,23.5374,23.5343,23.5306,23.5262,23.5211,23.5153,23.5089,23.5017,23.4939,23.4854,23.4761,23.4661,23.4554,23.444,23.4318,23.4188,23.4051,23.3906,23.3753,23.3593,23.3424,23.3247,23.3062,23.2868,23.2667,23.2457,23.2238,23.2012,23.1777,23.1535,23.1286,23.1029,23.0765,23.0513,23.0396,
23.0315,23.0441,23.0703,23.0968,23.1224,23.1471,23.1708,23.1938,23.2158,23.2371,23.2576,23.2774,23.2964,23.3147,23.3323,23.3492,23.3654,23.3809,23.3958,23.41,23.4236,23.4366,23.4489,23.4606,23.4717,23.4821,23.492,23.5013,23.5099,23.518,23.5254,23.5323,23.5386,23.5442,23.5493,23.5537,23.5576,23.5608,23.5635,23.5656,23.567,23.5678,23.5681,23.5677,23.5667,23.5651,23.5629,23.56,23.5565,23.5524,23.5477,23.5423,23.5363,23.5296,23.5223,23.5144,23.5057,23.4964,23.4865,23.4758,23.4644,23.4524,23.4397,23.4262,23.412,23.3971,23.3815,23.3651,23.348,23.3301,23.3115,23.2921,23.272,23.2511,23.2295,23.2073,23.1843,23.1606,23.1363,23.1132,23.1025,
23.0964,23.1079,23.1318,23.1563,23.1798,23.2025,23.2244,23.2456,23.266,23.2856,23.3046,23.3228,23.3404,23.3573,23.3736,23.3893,23.4043,23.4187,23.4326,23.4458,23.4584,23.4705,23.482,23.4929,23.5032,23.513,23.5222,23.5309,23.539,23.5465,23.5535,23.56,23.5658,23.5712,23.5759,23.5801,23.5838,23.5868,23.5894,23.5913,23.5927,23.5935,23.5938,23.5934,23.5926,23.5911,23.589,23.5864,23.5832,23.5794,23.575,23.57,23.5644,23.5583,23.5515,23.5441,23.5361,23.5275,23.5183,23.5084,23.4979,23.4868,23.475,23.4626,23.4495,23.4358,23.4214,23.4063,23.3906,23.3741,23.3571,23.3393,23.3209,23.3018,23.2821,23.2618,23.2408,23.2191,23.1968,23.1759,23.1663,
23.1623,23.1727,23.1944,23.2167,23.2382,23.2589,23.2789,23.2982,23.3169,23.3349,23.3523,23.369,23.3852,23.4007,23.4157,23.4301,23.4439,23.4572,23.47,23.4822,23.4939,23.5051,23.5157,23.5258,23.5354,23.5445,23.5531,23.5612,23.5687,23.5757,23.5823,23.5883,23.5938,23.5987,23.6032,23.6071,23.6106,23.6135,23.6158,23.6177,23.619,23.6198,23.6201,23.6199,23.6191,23.6177,23.6159,23.6135,23.6105,23.607,23.603,23.5984,23.5933,23.5876,23.5814,23.5746,23.5672,23.5593,23.5508,23.5417,23.5321,23.5219,23.5111,23.4997,23.4877,23.4751,23.462,23.4482,23.4339,23.419,23.4034,23.3873,23.3706,23.3533,23.3354,23.317,23.298,23.2784,23.2582,23.2394,23.2309,
23.2292,23.2384,23.2578,23.2779,23.2973,23.3161,23.3342,23.3517,23.3686,23.3849,23.4007,23.4159,23.4306,23.4447,23.4584,23.4716,23.4842,23.4964,23.5081,23.5193,23.53,23.5403,23.5501,23.5594,23.5683,23.5766,23.5846,23.592,23.599,23.6055,23.6116,23.6172,23.6223,23.6269,23.6311,23.6348,23.638,23.6407,23.643,23.6447,23.646,23.6468,23.6471,23.6469,23.6462,23.645,23.6433,23.6411,23.6385,23.6353,23.6316,23.6274,23.6227,23.6176,23.6119,23.6056,23.5989,23.5917,23.5839,23.5757,23.5669,23.5576,23.5478,23.5375,23.5266,23.5152,23.5033,23.4909,23.4779,23.4645,23.4505,23.436,23.421,23.4054,23.3894,23.3729,23.3558,23.3383,23.3202,23.3036,23.2963,
23.2969,23.3049,23.322,23.3399,23.3572,23.3739,23.3901,23.4058,23.4209,23.4355,23.4497,23.4634,23.4766,23.4894,23.5017,23.5136,23.5251,23.5361,23.5467,23.5569,23.5667,23.576,23.585,23.5935,23.6016,23.6093,23.6166,23.6234,23.6299,23.6359,23.6415,23.6466,23.6514,23.6557,23.6595,23.663,23.666,23.6685,23.6706,23.6723,23.6735,23.6743,23.6746,23.6745,23.6739,23.6729,23.6714,23.6694,23.667,23.6641,23.6608,23.657,23.6528,23.6481,23.6429,23.6373,23.6312,23.6247,23.6177,23.6103,23.6023,23.594,23.5851,23.5758,23.5661,23.5559,23.5452,23.5341,23.5226,23.5106,23.4981,23.4852,23.4719,23.4581,23.444,23.4293,23.4143,23.3988,23.3829,23.3685,23.3623,
23.3654,23.3722,23.387,23.4026,23.4178,23.4324,23.4467,23.4604,23.4738,23.4867,23.4993,23.5114,23.5232,23.5345,23.5455,23.5561,23.5664,23.5763,23.5858,23.595,23.6038,23.6123,23.6204,23.6281,23.6355,23.6425,23.6491,23.6554,23.6612,23.6668,23.6719,23.6766,23.681,23.685,23.6885,23.6917,23.6945,23.6969,23.6988,23.7004,23.7016,23.7023,23.7027,23.7026,23.7022,23.7013,23.7,23.6982,23.6961,23.6935,23.6906,23.6872,23.6834,23.6792,23.6746,23.6696,23.6641,23.6583,23.652,23.6454,23.6383,23.6309,23.623,23.6148,23.6061,23.5971,23.5877,23.5779,23.5677,23.5572,23.5463,23.535,23.5234,23.5114,23.499,23.4863,23.4733,23.4599,23.4461,23.434,23.429,
23.4345,23.4401,23.4525,23.4659,23.4789,23.4915,23.5037,23.5156,23.5272,23.5384,23.5493,23.5599,23.5702,23.5801,23.5898,23.5992,23.6082,23.617,23.6254,23.6336,23.6414,23.649,23.6562,23.6632,23.6698,23.6761,23.6821,23.6878,23.6931,23.6981,23.7028,23.7071,23.7111,23.7147,23.718,23.7209,23.7235,23.7257,23.7276,23.729,23.7302,23.7309,23.7313,23.7313,23.7309,23.7302,23.7291,23.7276,23.7257,23.7235,23.7208,23.7179,23.7145,23.7108,23.7067,23.7023,23.6975,23.6924,23.6868,23.681,23.6748,23.6683,23.6614,23.6542,23.6466,23.6388,23.6306,23.6221,23.6133,23.6043,23.5949,23.5852,23.5753,23.565,23.5545,23.5438,23.5327,23.5214,23.5098,23.5,23.4961,
23.5041,23.5085,23.5185,23.5296,23.5405,23.551,23.5613,23.5713,23.581,23.5905,23.5998,23.6088,23.6176,23.6262,23.6345,23.6426,23.6504,23.658,23.6654,23.6726,23.6794,23.6861,23.6925,23.6986,23.7045,23.7101,23.7155,23.7206,23.7254,23.7299,23.7341,23.738,23.7416,23.7449,23.7479,23.7506,23.753,23.755,23.7567,23.7581,23.7592,23.7599,23.7603,23.7604,23.7601,23.7595,23.7586,23.7573,23.7558,23.7538,23.7516,23.749,23.7461,23.7429,23.7393,23.7355,23.7313,23.7269,23.7221,23.717,23.7117,23.7061,23.7002,23.694,23.6876,23.6809,23.674,23.6668,23.6594,23.6517,23.6439,23.6358,23.6275,23.6191,23.6104,23.6016,23.5925,23.5833,23.5738,23.5663,23.5636,
23.5741,23.5773,23.5849,23.5938,23.6024,23.6109,23.6192,23.6273,23.6352,23.643,23.6506,23.6581,23.6653,23.6725,23.6795,23.6863,23.6929,23.6994,23.7057,23.7119,23.7178,23.7236,23.7291,23.7345,23.7396,23.7446,23.7493,23.7537,23.758,23.762,23.7658,23.7693,23.7725,23.7755,23.7782,23.7807,23.7828,23.7847,23.7863,23.7876,23.7886,23.7894,23.7898,23.7899,23.7898,23.7893,23.7886,23.7876,23.7862,23.7846,23.7827,23.7805,23.7781,23.7753,23.7723,23.7691,23.7655,23.7618,23.7577,23.7535,23.749,23.7443,23.7393,23.7342,23.7289,23.7233,23.7176,23.7117,23.7057,23.6995,23.6932,23.6867,23.6801,23.6734,23.6666,23.6596,23.6526,23.6455,23.6382,23.633,23.6315,
23.6445,23.6464,23.6517,23.6582,23.6647,23.671,23.6773,23.6835,23.6896,23.6957,23.7016,23.7075,23.7133,23.7191,23.7247,23.7303,23.7357,23.7411,23.7463,23.7514,23.7564,23.7613,23.766,23.7706,23.775,23.7793,23.7834,23.7873,23.791,23.7945,23.7978,23.8009,23.8038,23.8065,23.8089,23.8111,23.8131,23.8148,23.8163,23.8175,23.8185,23.8192,23.8197,23.8199,23.8198,23.8195,23.819,23.8182,23.8171,23.8158,23.8143,23.8125,23.8104,23.8082,23.8057,23.803,23.8001,23.797,23.7937,23.7902,23.7866,23.7828,23.7788,23.7747,23.7704,23.766,23.7615,23.757,23.7523,23.7475,23.7427,23.7378,23.7329,23.7279,23.7229,23.7179,23.7129,23.7078,23.7028,23.6999,23.6996,
23.7151,23.7158,23.7186,23.7228,23.7271,23.7314,23.7356,23.7399,23.7442,23.7485,23.7529,23.7572,23.7615,23.7658,23.7702,23.7744,23.7787,23.7829,23.7871,23.7912,23.7953,23.7993,23.8032,23.807,23.8107,23.8143,23.8177,23.8211,23.8243,23.8273,23.8302,23.8329,23.8354,23.8378,23.8399,23.8419,23.8437,23.8453,23.8466,23.8478,23.8487,23.8494,23.8499,23.8502,23.8502,23.8501,23.8497,23.8491,23.8483,23.8473,23.8461,23.8447,23.8431,23.8413,23.8394,23.8373,23.835,23.8326,23.83,23.8273,23.8244,23.8215,23.8185,23.8154,23.8122,23.809,23.8057,23.8024,23.799,23.7957,23.7924,23.7891,23.7858,23.7826,23.7794,23.7763,23.7733,23.7703,23.7674,23.7669,23.7678,
23.7858,23.7852,23.7856,23.7875,23.7896,23.7918,23.794,23.7964,23.7989,23.8015,23.8042,23.807,23.8098,23.8127,23.8157,23.8187,23.8218,23.8249,23.8281,23.8312,23.8343,23.8374,23.8405,23.8436,23.8466,23.8495,23.8523,23.8551,23.8578,23.8604,23.8628,23.8651,23.8673,23.8694,23.8713,23.873,23.8746,23.876,23.8773,23.8783,23.8792,23.8799,23.8805,23.8808,23.881,23.881,23.8808,23.8804,23.8799,23.8791,23.8783,23.8773,23.8761,23.8748,23.8733,23.8718,23.8701,23.8683,23.8665,23.8645,23.8625,23.8605,23.8584,23.8563,23.8541,23.852,23.8499,23.8479,23.8459,23.8439,23.8421,23.8404,23.8387,23.8372,23.8359,23.8347,23.8337,23.8328,23.8321,23.8339,23.836,
23.8564,23.8546,23.8526,23.8522,23.8521,23.8522,23.8524,23.8529,23.8536,23.8545,23.8555,23.8567,23.8581,23.8597,23.8613,23.8631,23.865,23.867,23.8691,23.8713,23.8735,23.8757,23.878,23.8803,23.8826,23.8849,23.8871,23.8894,23.8915,23.8936,23.8957,23.8976,23.8995,23.9012,23.9029,23.9044,23.9058,23.907,23.9082,23.9092,23.91,23.9107,23.9113,23.9117,23.912,23.9121,23.9121,23.9119,23.9116,23.9112,23.9107,23.9101,23.9093,23.9084,23.9075,23.9065,23.9054,23.9043,23.9031,23.9019,23.9007,23.8995,23.8984,23.8972,23.8962,23.8952,23.8942,23.8934,23.8927,23.8922,23.8918,23.8916,23.8917,23.8919,23.8923,23.893,23.894,23.8952,23.8967,23.9008,23.9041,
23.927,23.9239,23.9195,23.9168,23.9145,23.9124,23.9107,23.9093,23.9082,23.9074,23.9068,23.9065,23.9064,23.9065,23.9069,23.9075,23.9082,23.9091,23.9102,23.9114,23.9127,23.9141,23.9156,23.9171,23.9187,23.9204,23.9221,23.9237,23.9254,23.9271,23.9287,23.9303,23.9318,23.9333,23.9347,23.936,23.9372,23.9383,23.9393,23.9403,23.9411,23.9418,23.9424,23.9429,23.9432,23.9435,23.9436,23.9437,23.9437,23.9435,23.9433,23.9431,23.9427,23.9423,23.9419,23.9414,23.9409,23.9404,23.9399,23.9395,23.9391,23.9387,23.9384,23.9383,23.9382,23.9383,23.9385,23.939,23.9396,23.9404,23.9415,23.9428,23.9445,23.9464,23.9486,23.9512,23.9541,23.9574,23.9611,23.9675,23.972,
23.9973,23.993,23.9861,23.9812,23.9766,23.9725,23.9688,23.9655,23.9626,23.9601,23.9579,23.956,23.9545,23.9533,23.9524,23.9517,23.9513,23.9512,23.9512,23.9515,23.9519,23.9525,23.9532,23.954,23.955,23.956,23.9571,23.9583,23.9594,23.9607,23.9619,23.9631,23.9643,23.9655,23.9666,23.9677,23.9688,23.9698,23.9707,23.9716,23.9723,23.973,23.9737,23.9742,23.9747,23.9751,23.9754,23.9757,23.9759,23.976,23.9762,23.9762,23.9763,23.9763,23.9764,23.9764,23.9765,23.9766,23.9768,23.9771,23.9774,23.9779,23.9785,23.9793,23.9802,23.9814,23.9828,23.9844,23.9863,23.9885,23.991,23.9939,23.9971,24.0007,24.0047,24.0091,24.014,24.0194,24.0252,24.0339,24.0395,
24.0673,24.0617,24.0525,24.0452,24.0385,24.0323,24.0266,24.0214,24.0168,24.0125,24.0088,24.0054,24.0025,23.9999,23.9977,23.9959,23.9943,23.9931,23.9922,23.9915,23.9911,23.9908,23.9908,23.9909,23.9912,23.9916,23.9922,23.9928,23.9936,23.9944,23.9952,23.9961,23.997,23.9979,23.9988,23.9997,24.0006,24.0014,24.0023,24.003,24.0038,24.0045,24.0052,24.0058,24.0063,24.0069,24.0074,24.0078,24.0083,24.0087,24.0091,24.0095,24.01,24.0104,24.0109,24.0115,24.0121,24.0129,24.0137,24.0147,24.0158,24.0171,24.0185,24.0202,24.0222,24.0244,24.0269,24.0297,24.0328,24.0364,24.0403,24.0446,24.0494,24.0547,24.0604,24.0667,24.0735,24.0809,24.0889,24.0999,24.1067,
24.1368,24.13,24.1183,24.1088,24.0999,24.0916,24.084,24.077,24.0705,24.0647,24.0593,24.0545,24.0501,24.0462,24.0428,24.0398,24.0372,24.0349,24.033,24.0314,24.0301,24.0291,24.0283,24.0278,24.0274,24.0273,24.0273,24.0274,24.0277,24.0281,24.0286,24.0291,24.0297,24.0304,24.0311,24.0318,24.0325,24.0332,24.034,24.0347,24.0354,24.0361,24.0368,24.0375,24.0382,24.0388,24.0395,24.0401,24.0408,24.0415,24.0422,24.0429,24.0438,24.0446,24.0456,24.0466,24.0478,24.0491,24.0506,24.0522,24.0541,24.0561,24.0585,24.061,24.0639,24.0672,24.0708,24.0747,24.0791,24.0839,24.0892,24.095,24.1014,24.1082,24.1157,24.1238,24.1326,24.142,24.1521,24.1653,24.1733,
24.2057,24.1977,24.1836,24.1718,24.1608,24.1505,24.1409,24.1321,24.1239,24.1163,24.1094,24.1031,24.0974,24.0922,24.0876,24.0834,24.0797,24.0764,24.0736,24.0711,24.069,24.0672,24.0657,24.0645,24.0636,24.0629,24.0624,24.062,24.0619,24.0619,24.062,24.0622,24.0625,24.0629,24.0634,24.0639,24.0645,24.0651,24.0658,24.0665,24.0671,24.0679,24.0686,24.0693,24.0701,24.0709,24.0717,24.0725,24.0734,24.0743,24.0753,24.0764,24.0776,24.0788,24.0802,24.0818,24.0834,24.0853,24.0874,24.0897,24.0922,24.0951,24.0982,24.1017,24.1055,24.1097,24.1144,24.1195,24.125,24.1311,24.1378,24.145,24.1529,24.1613,24.1705,24.1804,24.191,24.2025,24.2146,24.2301,24.2392,
24.2739,24.2647,24.2482,24.2342,24.221,24.2087,24.1972,24.1866,24.1767,24.1675,24.1591,24.1513,24.1443,24.1378,24.132,24.1267,24.1219,24.1177,24.1139,24.1106,24.1077,24.1052,24.103,24.1011,24.0996,24.0984,24.0974,24.0966,24.096,24.0956,24.0954,24.0953,24.0954,24.0956,24.0958,24.0962,24.0966,24.0971,24.0977,24.0983,24.099,24.0997,24.1004,24.1012,24.1021,24.103,24.104,24.105,24.1061,24.1072,24.1085,24.1099,24.1114,24.1131,24.1149,24.1168,24.119,24.1214,24.1241,24.127,24.1303,24.1338,24.1377,24.142,24.1468,24.1519,24.1576,24.1638,24.1706,24.1779,24.1859,24.1945,24.2038,24.2139,24.2247,24.2364,24.2488,24.2622,24.2765,24.2941,24.3044,
24.3413,24.3308,24.3121,24.2958,24.2805,24.2662,24.2529,24.2404,24.2288,24.2181,24.2082,24.199,24.1906,24.1829,24.1759,24.1695,24.1638,24.1586,24.1539,24.1498,24.1461,24.1428,24.14,24.1376,24.1355,24.1337,24.1322,24.131,24.1301,24.1293,24.1288,24.1284,24.1282,24.1282,24.1283,24.1285,24.1288,24.1292,24.1297,24.1302,24.1309,24.1316,24.1324,24.1332,24.1342,24.1352,24.1363,24.1375,24.1388,24.1402,24.1417,24.1434,24.1452,24.1472,24.1494,24.1518,24.1545,24.1574,24.1606,24.1642,24.168,24.1723,24.177,24.1821,24.1877,24.1938,24.2005,24.2077,24.2156,24.2241,24.2334,24.2434,24.2542,24.2658,24.2782,24.2916,24.3059,24.3212,24.3375,24.3573,24.3687,
24.4077,24.3961,24.375,24.3565,24.3392,24.3229,24.3077,24.2935,24.2802,24.268,24.2566,24.246,24.2364,24.2275,24.2193,24.2119,24.2051,24.199,24.1935,24.1886,24.1842,24.1802,24.1768,24.1738,24.1712,24.1689,24.167,24.1654,24.164,24.163,24.1621,24.1615,24.1611,24.1608,24.1607,24.1608,24.161,24.1613,24.1617,24.1622,24.1628,24.1636,24.1644,24.1653,24.1663,24.1674,24.1687,24.17,24.1715,24.1731,24.1749,24.1768,24.179,24.1813,24.1839,24.1867,24.1898,24.1932,24.197,24.2011,24.2056,24.2105,24.2159,24.2218,24.2282,24.2352,24.2429,24.2511,24.2601,24.2698,24.2803,24.2916,24.3038,24.3169,24.3309,24.346,24.3621,24.3792,24.3975,24.4194,24.4319,
24.473,24.4602,24.4368,24.4162,24.3969,24.3787,24.3616,24.3457,24.3308,24.317,24.3042,24.2924,24.2814,24.2713,24.2621,24.2537,24.246,24.239,24.2327,24.227,24.2219,24.2173,24.2133,24.2097,24.2066,24.2039,24.2015,24.1995,24.1979,24.1965,24.1954,24.1945,24.1939,24.1934,24.1932,24.1931,24.1932,24.1934,24.1937,24.1942,24.1948,24.1956,24.1964,24.1974,24.1985,24.1997,24.201,24.2025,24.2042,24.206,24.208,24.2102,24.2126,24.2153,24.2182,24.2214,24.225,24.2288,24.2331,24.2377,24.2428,24.2484,24.2545,24.2611,24.2683,24.2762,24.2847,24.2939,24.304,24.3148,24.3265,24.3391,24.3526,24.3671,24.3827,24.3994,24.4172,24.4363,24.4565,24.4805,24.4941,
24.5372,24.5232,24.4976,24.4749,24.4535,24.4334,24.4145,24.3969,24.3805,24.3652,24.351,24.3379,24.3257,24.3145,24.3042,24.2948,24.2862,24.2784,24.2713,24.2649,24.2591,24.254,24.2494,24.2453,24.2417,24.2386,24.2358,24.2335,24.2315,24.2299,24.2285,24.2274,24.2266,24.2259,24.2255,24.2253,24.2253,24.2255,24.2258,24.2262,24.2268,24.2275,24.2284,24.2294,24.2306,24.2319,24.2334,24.235,24.2368,24.2388,24.2411,24.2435,24.2462,24.2491,24.2524,24.256,24.2599,24.2642,24.2689,24.274,24.2797,24.2858,24.2926,24.2999,24.3079,24.3165,24.3259,24.3361,24.3471,24.359,24.3719,24.3857,24.4005,24.4165,24.4336,24.4518,24.4714,24.4922,24.5143,24.5404,24.555,
24.6,24.5849,24.557,24.5322,24.5089,24.4869,24.4664,24.4471,24.4292,24.4124,24.3969,24.3825,24.3692,24.3569,24.3456,24.3353,24.3258,24.3172,24.3094,24.3023,24.2959,24.2902,24.2851,24.2805,24.2765,24.273,24.2699,24.2672,24.265,24.2631,24.2615,24.2602,24.2592,24.2584,24.2579,24.2575,24.2574,24.2575,24.2578,24.2582,24.2588,24.2595,24.2604,24.2615,24.2627,24.2641,24.2657,24.2675,24.2694,24.2716,24.274,24.2767,24.2796,24.2828,24.2864,24.2903,24.2945,24.2992,24.3044,24.31,24.3161,24.3229,24.3302,24.3382,24.3469,24.3563,24.3665,24.3776,24.3895,24.4025,24.4164,24.4314,24.4475,24.4648,24.4833,24.5031,24.5243,24.5468,24.5708,24.5989,24.6146,
24.6614,24.6452,24.6151,24.5883,24.563,24.5392,24.517,24.4961,24.4767,24.4586,24.4418,24.4262,24.4118,24.3984,24.3862,24.375,24.3647,24.3554,24.3468,24.3391,24.3322,24.3259,24.3203,24.3154,24.3109,24.3071,24.3037,24.3007,24.2982,24.2961,24.2943,24.2928,24.2916,24.2907,24.2901,24.2897,24.2895,24.2895,24.2897,24.2901,24.2907,24.2915,24.2924,24.2935,24.2948,24.2963,24.298,24.2998,24.3019,24.3043,24.3068,24.3097,24.3128,24.3163,24.3201,24.3243,24.3289,24.334,24.3395,24.3456,24.3522,24.3594,24.3673,24.3759,24.3852,24.3954,24.4063,24.4183,24.4311,24.445,24.46,24.4761,24.4934,24.512,24.5319,24.5532,24.5759,24.6002,24.626,24.6559,24.6727,
24.7212,24.7039,24.6717,24.6428,24.6157,24.5902,24.5662,24.5439,24.523,24.5036,24.4855,24.4688,24.4533,24.439,24.4259,24.4138,24.4028,24.3928,24.3836,24.3753,24.3679,24.3611,24.3551,24.3498,24.345,24.3408,24.3371,24.3339,24.3312,24.3288,24.3269,24.3253,24.324,24.3229,24.3222,24.3217,24.3215,24.3215,24.3217,24.322,24.3226,24.3234,24.3244,24.3255,24.3268,24.3284,24.3301,24.3321,24.3343,24.3368,24.3395,24.3425,24.3459,24.3496,24.3536,24.3581,24.363,24.3683,24.3742,24.3807,24.3877,24.3954,24.4038,24.413,24.4229,24.4337,24.4454,24.4581,24.4718,24.4866,24.5026,24.5197,24.5382,24.558,24.5792,24.6019,24.6262,24.6521,24.6796,24.7114,24.7291,
24.7793,24.7609,24.7266,24.6958,24.6668,24.6396,24.6141,24.5903,24.568,24.5473,24.5281,24.5103,24.4938,24.4786,24.4646,24.4518,24.4401,24.4294,24.4197,24.4109,24.4029,24.3958,24.3894,24.3837,24.3786,24.3741,24.3702,24.3668,24.3639,24.3614,24.3593,24.3575,24.3561,24.355,24.3542,24.3537,24.3534,24.3533,24.3535,24.3539,24.3545,24.3552,24.3562,24.3574,24.3588,24.3604,24.3622,24.3643,24.3666,24.3692,24.372,24.3752,24.3787,24.3826,24.3868,24.3915,24.3967,24.4023,24.4085,24.4153,24.4228,24.4309,24.4397,24.4494,24.4599,24.4713,24.4836,24.497,24.5115,24.5272,24.544,24.5622,24.5817,24.6027,24.6252,24.6493,24.675,24.7024,24.7316,24.7652,24.7839,
24.8355,24.8161,24.7798,24.7471,24.7163,24.6875,24.6604,24.6352,24.6116,24.5897,24.5694,24.5505,24.5331,24.5171,24.5023,24.4888,24.4764,24.4652,24.4549,24.4457,24.4373,24.4298,24.4231,24.4171,24.4118,24.4071,24.403,24.3994,24.3963,24.3937,24.3914,24.3896,24.3881,24.387,24.3861,24.3855,24.3852,24.3851,24.3853,24.3857,24.3862,24.387,24.3881,24.3893,24.3907,24.3924,24.3942,24.3964,24.3988,24.4014,24.4044,24.4077,24.4113,24.4153,24.4198,24.4247,24.43,24.4359,24.4424,24.4495,24.4572,24.4657,24.475,24.4851,24.496,24.508,24.5209,24.535,24.5502,24.5666,24.5843,24.6034,24.624,24.646,24.6697,24.695,24.7221,24.751,24.7818,24.8172,24.8368,
24.8898,24.8693,24.831,24.7965,24.764,24.7336,24.7051,24.6785,24.6537,24.6306,24.6092,24.5894,24.5712,24.5543,24.5389,24.5247,24.5118,24.5001,24.4894,24.4797,24.471,24.4632,24.4562,24.4499,24.4444,24.4395,24.4353,24.4316,24.4284,24.4257,24.4234,24.4215,24.4199,24.4187,24.4178,24.4172,24.4169,24.4168,24.417,24.4174,24.418,24.4188,24.4198,24.4211,24.4225,24.4242,24.4261,24.4283,24.4308,24.4335,24.4366,24.44,24.4437,24.4478,24.4524,24.4574,24.463,24.4691,24.4758,24.4831,24.4911,24.4999,24.5095,24.52,24.5314,24.5438,24.5573,24.5719,24.5877,24.6049,24.6234,24.6433,24.6648,24.6879,24.7126,24.7392,24.7676,24.7979,24.8302,24.8673,24.8877,
24.9419,24.9204,24.8802,24.844,24.8099,24.7779,24.748,24.7201,24.6941,24.67,24.6477,24.627,24.6079,24.5904,24.5743,24.5596,24.5462,24.534,24.5229,24.5129,24.5039,24.4959,24.4886,24.4822,24.4766,24.4716,24.4672,24.4634,24.4601,24.4574,24.455,24.4531,24.4515,24.4503,24.4494,24.4488,24.4485,24.4484,24.4486,24.449,24.4496,24.4504,24.4515,24.4528,24.4542,24.456,24.4579,24.4602,24.4627,24.4654,24.4685,24.472,24.4758,24.48,24.4847,24.4899,24.4955,24.5018,24.5086,24.5161,24.5244,24.5334,24.5433,24.5541,24.5659,24.5787,24.5926,24.6077,24.6242,24.6419,24.6611,24.6818,24.7041,24.7282,24.7539,24.7816,24.8112,24.8429,24.8766,24.9153,24.9365,
24.9918,24.9693,24.9273,24.8893,24.8537,24.8203,24.789,24.7599,24.7329,24.7078,24.6845,24.6631,24.6433,24.6251,24.6085,24.5933,24.5795,24.5669,24.5555,24.5453,24.5361,24.5278,24.5205,24.5139,24.5082,24.5031,24.4987,24.4949,24.4916,24.4888,24.4864,24.4845,24.483,24.4818,24.4809,24.4803,24.48,24.4799,24.4801,24.4805,24.4812,24.482,24.4831,24.4844,24.4859,24.4876,24.4896,24.4919,24.4944,24.4972,24.5003,24.5038,24.5077,24.512,24.5167,24.5219,24.5276,24.534,24.541,24.5486,24.557,24.5663,24.5763,24.5874,24.5994,24.6126,24.6269,24.6424,24.6593,24.6776,24.6974,24.7188,24.7419,24.7668,24.7935,24.8222,24.8529,24.8858,24.9209,24.9611,24.9831,
25.0393,25.0159,24.9721,24.9325,24.8953,24.8605,24.8281,24.7979,24.7698,24.7438,24.7197,24.6975,24.6772,24.6585,24.6414,24.6258,24.6116,24.5988,24.5872,24.5767,24.5674,24.559,24.5516,24.545,24.5392,24.5341,24.5297,24.5259,24.5226,24.5199,24.5176,24.5157,24.5142,24.513,24.5122,24.5116,24.5114,24.5113,24.5116,24.512,24.5127,24.5135,24.5146,24.5159,24.5174,24.5192,24.5212,24.5234,24.526,24.5288,24.5319,24.5354,24.5393,24.5436,24.5483,24.5535,24.5593,24.5657,24.5727,24.5805,24.589,24.5983,24.6086,24.6198,24.6321,24.6455,24.6601,24.676,24.6932,24.712,24.7323,24.7543,24.7781,24.8037,24.8312,24.8608,24.8926,24.9266,24.963,25.0045,25.0273,
25.0842,25.06,25.0144,24.9733,24.9347,24.8986,24.865,24.8337,24.8048,24.7779,24.7532,24.7304,24.7095,24.6903,24.6729,24.657,24.6426,24.6295,24.6178,24.6073,24.5978,24.5895,24.582,24.5755,24.5697,24.5647,24.5603,24.5566,24.5534,24.5507,24.5485,24.5466,24.5452,24.5441,24.5434,24.5429,24.5426,24.5427,24.5429,24.5434,24.5441,24.545,24.5461,24.5474,24.5489,24.5507,24.5527,24.5549,24.5574,24.5602,24.5633,24.5668,24.5706,24.5748,24.5796,24.5848,24.5906,24.5969,24.604,24.6117,24.6203,24.6297,24.64,24.6513,24.6637,24.6772,24.6921,24.7082,24.7258,24.7449,24.7657,24.7881,24.8124,24.8387,24.867,24.8974,24.9301,24.9652,25.0027,25.0456,25.0691,
25.1265,25.1013,25.0542,25.0115,24.9716,24.9344,24.8997,24.8675,24.8377,24.8101,24.7848,24.7615,24.7401,24.7207,24.7029,24.6868,24.6723,24.6592,24.6474,24.6368,24.6274,24.6191,24.6117,24.6052,24.5996,24.5947,24.5904,24.5868,24.5837,24.5812,24.5791,24.5774,24.576,24.5751,24.5744,24.574,24.5738,24.5739,24.5742,24.5748,24.5755,24.5764,24.5775,24.5788,24.5803,24.5821,24.584,24.5862,24.5887,24.5914,24.5945,24.5979,24.6017,24.6058,24.6105,24.6156,24.6213,24.6276,24.6346,24.6423,24.6508,24.6602,24.6705,24.6819,24.6943,24.7079,24.7229,24.7392,24.757,24.7763,24.7974,24.8203,24.845,24.8718,24.9007,24.9319,24.9654,25.0015,25.04,25.0841,25.1082,
25.1659,25.1399,25.0912,25.0472,25.006,24.9677,24.932,24.899,24.8685,24.8403,24.8144,24.7907,24.7691,24.7494,24.7315,24.7153,24.7007,24.6876,24.6758,24.6654,24.6561,24.6479,24.6407,24.6344,24.6289,24.6242,24.6201,24.6167,24.6138,24.6114,24.6094,24.6079,24.6067,24.6058,24.6053,24.605,24.6049,24.6051,24.6055,24.6061,24.6068,24.6078,24.6089,24.6102,24.6117,24.6134,24.6153,24.6175,24.6198,24.6225,24.6255,24.6288,24.6325,24.6365,24.6411,24.6461,24.6517,24.6579,24.6647,24.6723,24.6807,24.69,24.7002,24.7115,24.7239,24.7375,24.7524,24.7688,24.7867,24.8062,24.8275,24.8506,24.8757,24.9029,24.9324,24.9641,24.9984,25.0352,25.0747,25.1199,25.1446,
25.2023,25.1755,25.1254,25.08,25.0377,24.9984,24.9619,24.9281,24.897,24.8683,24.8421,24.8181,24.7962,24.7764,24.7585,24.7423,24.7278,24.7148,24.7032,24.6929,24.6838,24.6759,24.6689,24.6628,24.6576,24.6531,24.6493,24.6461,24.6434,24.6413,24.6395,24.6382,24.6372,24.6365,24.6361,24.6359,24.636,24.6363,24.6367,24.6373,24.6381,24.6391,24.6402,24.6415,24.643,24.6447,24.6465,24.6486,24.6509,24.6535,24.6563,24.6595,24.663,24.6669,24.6713,24.6761,24.6815,24.6875,24.6942,24.7016,24.7098,24.7189,24.729,24.7401,24.7523,24.7658,24.7807,24.797,24.8149,24.8345,24.8558,24.8791,24.9044,24.932,24.9618,24.994,25.0288,25.0664,25.1067,25.1528,25.1781,
25.2355,25.208,25.1565,25.11,25.0666,25.0264,24.9891,24.9547,24.9231,24.8941,24.8676,24.8434,24.8215,24.8017,24.7838,24.7678,24.7535,24.7407,24.7294,24.7194,24.7106,24.703,24.6964,24.6906,24.6857,24.6816,24.6781,24.6752,24.6728,24.6709,24.6694,24.6683,24.6675,24.6671,24.6668,24.6668,24.667,24.6674,24.6679,24.6686,24.6695,24.6705,24.6716,24.6729,24.6743,24.6759,24.6777,24.6797,24.6819,24.6843,24.687,24.69,24.6933,24.697,24.7012,24.7058,24.711,24.7167,24.7231,24.7303,24.7382,24.747,24.7568,24.7677,24.7797,24.793,24.8077,24.8238,24.8416,24.861,24.8824,24.9057,24.9311,24.9588,24.9889,25.0215,25.0567,25.0948,25.1358,25.1828,25.2085,
25.2654,25.2372,25.1844,25.1368,25.0925,25.0514,25.0135,24.9787,24.9467,24.9175,24.8908,24.8667,24.8448,24.8251,24.8075,24.7917,24.7777,24.7653,24.7544,24.7448,24.7365,24.7293,24.7231,24.7178,24.7133,24.7095,24.7064,24.7039,24.7019,24.7003,24.6991,24.6983,24.6978,24.6975,24.6975,24.6976,24.698,24.6985,24.6991,24.6999,24.7008,24.7018,24.703,24.7042,24.7056,24.7072,24.7088,24.7107,24.7127,24.715,24.7175,24.7203,24.7234,24.7269,24.7308,24.7351,24.74,24.7454,24.7515,24.7583,24.7659,24.7744,24.7838,24.7943,24.806,24.819,24.8333,24.8492,24.8667,24.8859,24.9071,24.9303,24.9557,24.9834,25.0135,25.0463,25.0819,25.1204,25.1619,25.2096,25.2357,
25.2918,25.263,25.209,25.1603,25.1152,25.0735,25.0351,24.9999,24.9677,24.9384,24.9118,24.8877,24.8661,24.8467,24.8294,24.8141,24.8006,24.7887,24.7782,24.7692,24.7614,24.7547,24.749,24.7442,24.7403,24.737,24.7344,24.7323,24.7307,24.7295,24.7286,24.7281,24.7279,24.7279,24.7281,24.7285,24.729,24.7296,24.7304,24.7313,24.7322,24.7333,24.7344,24.7356,24.737,24.7384,24.74,24.7417,24.7436,24.7456,24.7479,24.7505,24.7533,24.7565,24.7601,24.7641,24.7686,24.7736,24.7793,24.7857,24.7929,24.8009,24.8099,24.8199,24.8312,24.8437,24.8576,24.873,24.8901,24.909,24.9299,24.9528,24.978,25.0056,25.0357,25.0686,25.1043,25.1431,25.185,25.2332,25.2596,
25.3144,25.285,25.2299,25.1804,25.1346,25.0923,25.0536,25.0182,24.9859,24.9567,24.9302,24.9065,24.8853,24.8664,24.8496,24.8348,24.8219,24.8106,24.8009,24.7925,24.7854,24.7793,24.7743,24.7701,24.7667,24.764,24.7619,24.7603,24.7592,24.7584,24.758,24.7579,24.758,24.7583,24.7587,24.7593,24.76,24.7608,24.7617,24.7627,24.7637,24.7648,24.7659,24.7671,24.7684,24.7697,24.7711,24.7727,24.7744,24.7762,24.7783,24.7806,24.7831,24.7859,24.7891,24.7927,24.7968,24.8014,24.8066,24.8125,24.8191,24.8266,24.8351,24.8446,24.8552,24.8672,24.8805,24.8954,24.912,24.9304,24.9507,24.9733,24.9981,25.0254,25.0553,25.088,25.1237,25.1626,25.2047,25.2533,25.28,
25.3332,25.3032,25.2472,25.1968,25.1504,25.1078,25.0689,25.0334,25.0012,24.9722,24.9462,24.9229,24.9023,24.884,24.8679,24.8539,24.8417,24.8313,24.8223,24.8147,24.8084,24.8031,24.7988,24.7954,24.7927,24.7906,24.7891,24.7881,24.7875,24.7873,24.7873,24.7876,24.788,24.7887,24.7894,24.7903,24.7912,24.7922,24.7932,24.7942,24.7953,24.7964,24.7975,24.7987,24.7998,24.8011,24.8024,24.8037,24.8052,24.8068,24.8086,24.8105,24.8127,24.8152,24.8179,24.8211,24.8247,24.8287,24.8334,24.8387,24.8447,24.8516,24.8594,24.8682,24.8781,24.8894,24.902,24.9162,24.9321,24.9499,24.9696,24.9915,25.0158,25.0426,25.0722,25.1046,25.1401,25.1789,25.2211,25.2699,25.2968,
25.3478,25.3173,25.2604,25.2094,25.1626,25.1198,25.0808,25.0454,25.0136,24.985,24.9595,24.9369,24.917,24.8995,24.8844,24.8713,24.8601,24.8505,24.8425,24.8359,24.8305,24.8261,24.8227,24.8201,24.8182,24.8169,24.8161,24.8157,24.8157,24.816,24.8165,24.8173,24.8181,24.8191,24.8202,24.8213,24.8224,24.8236,24.8248,24.8259,24.8271,24.8282,24.8293,24.8304,24.8315,24.8326,24.8337,24.8349,24.8361,24.8374,24.8389,24.8405,24.8422,24.8443,24.8466,24.8492,24.8522,24.8557,24.8597,24.8643,24.8697,24.8758,24.8828,24.8908,24.9,24.9104,24.9222,24.9355,24.9506,24.9675,24.9864,25.0076,25.0312,25.0573,25.0863,25.1182,25.1534,25.1919,25.2339,25.2828,25.3097,
25.358,25.3272,25.2695,25.218,25.1709,25.128,25.0891,25.0541,25.0227,24.9948,24.9701,24.9483,24.9294,24.913,24.8989,24.8869,24.8768,24.8685,24.8616,24.8561,24.8517,24.8484,24.8459,24.8443,24.8432,24.8428,24.8427,24.8431,24.8438,24.8447,24.8458,24.847,24.8483,24.8497,24.8511,24.8525,24.8539,24.8552,24.8565,24.8578,24.859,24.8602,24.8612,24.8623,24.8633,24.8642,24.8652,24.8661,24.8671,24.8681,24.8692,24.8704,24.8717,24.8733,24.875,24.8771,24.8795,24.8823,24.8856,24.8895,24.894,24.8993,24.9054,24.9125,24.9207,24.9302,24.941,24.9533,24.9673,24.9832,25.0012,25.0214,25.0441,25.0694,25.0975,25.1288,25.1633,25.2013,25.2431,25.2918,25.3187,
25.3637,25.3324,25.2741,25.2222,25.175,25.1322,25.0936,25.0592,25.0285,25.0015,24.9778,24.9572,24.9394,24.9243,24.9115,24.9009,24.8921,24.8851,24.8795,24.8752,24.8721,24.8699,24.8686,24.868,24.868,24.8684,24.8693,24.8704,24.8718,24.8734,24.875,24.8768,24.8786,24.8804,24.8822,24.8839,24.8855,24.8871,24.8886,24.8899,24.8912,24.8924,24.8934,24.8944,24.8953,24.8961,24.8968,24.8975,24.8982,24.8989,24.8996,24.9004,24.9012,24.9022,24.9034,24.9048,24.9066,24.9086,24.9111,24.9142,24.9178,24.9221,24.9273,24.9333,24.9404,24.9487,24.9584,24.9696,24.9824,24.9971,25.0139,25.0329,25.0544,25.0786,25.1058,25.1361,25.1698,25.2071,25.2483,25.2966,25.3234,
25.3644,25.3328,25.274,25.2219,25.1747,25.1322,25.0943,25.0605,25.0309,25.0049,24.9825,24.9633,24.947,24.9334,24.9222,24.9131,24.9059,24.9004,24.8963,24.8935,24.8917,24.8909,24.8908,24.8914,24.8924,24.8939,24.8957,24.8977,24.8998,24.9021,24.9044,24.9068,24.9091,24.9113,24.9135,24.9155,24.9175,24.9192,24.9209,24.9224,24.9237,24.9249,24.9259,24.9268,24.9276,24.9282,24.9287,24.9292,24.9295,24.9298,24.9301,24.9304,24.9308,24.9312,24.9317,24.9325,24.9334,24.9347,24.9364,24.9384,24.9411,24.9443,24.9484,24.9533,24.9591,24.9662,24.9745,24.9843,24.9958,25.0091,25.0244,25.0421,25.0622,25.0851,25.111,25.1402,25.1728,25.2092,25.2495,25.2973,25.3238,
25.36,25.3281,25.2689,25.2168,25.1698,25.1279,25.0907,25.058,25.0295,25.005,24.9842,24.9666,24.9521,24.9403,24.9309,24.9236,24.9182,24.9144,24.912,24.9109,24.9107,24.9113,24.9126,24.9144,24.9167,24.9192,24.922,24.925,24.928,24.931,24.934,24.937,24.9398,24.9426,24.9451,24.9475,24.9497,24.9517,24.9535,24.9551,24.9565,24.9577,24.9587,24.9595,24.9602,24.9606,24.9609,24.9611,24.9611,24.961,24.9608,24.9606,24.9604,24.9602,24.9601,24.9601,24.9603,24.9606,24.9613,24.9624,24.9639,24.966,24.9688,24.9724,24.9769,24.9825,24.9893,24.9976,25.0075,25.0192,25.0329,25.0489,25.0674,25.0888,25.1131,25.1408,25.1721,25.2073,25.2465,25.2934,25.3196,
25.35,25.3179,25.2585,25.2064,25.1599,25.1188,25.0826,25.0513,25.0244,25.0016,24.9827,24.9671,24.9546,24.9449,24.9376,24.9325,24.9291,24.9273,24.9268,24.9275,24.929,24.9312,24.934,24.9373,24.9408,24.9446,24.9485,24.9524,24.9563,24.9602,24.9639,24.9675,24.9709,24.9741,24.9771,24.9799,24.9824,24.9846,24.9866,24.9883,24.9898,24.991,24.9919,24.9927,24.9931,24.9934,24.9934,24.9933,24.9929,24.9924,24.9918,24.9911,24.9903,24.9894,24.9886,24.9877,24.987,24.9865,24.9861,24.9861,24.9864,24.9873,24.9887,24.9908,24.9938,24.9978,25.0029,25.0095,25.0175,25.0274,25.0392,25.0534,25.07,25.0895,25.112,25.138,25.1676,25.2013,25.2392,25.2849,25.3106,
25.3342,25.3019,25.2423,25.1906,25.1448,25.1047,25.0699,25.0402,25.0152,24.9946,24.9779,24.9647,24.9546,24.9474,24.9425,24.9397,24.9387,24.9391,24.9408,24.9434,24.9468,24.9508,24.9553,24.96,24.965,24.97,24.9751,24.9801,24.985,24.9897,24.9942,24.9984,25.0024,25.0061,25.0096,25.0127,25.0155,25.0179,25.0201,25.0219,25.0235,25.0247,25.0256,25.0262,25.0265,25.0266,25.0263,25.0259,25.0252,25.0242,25.0231,25.0218,25.0204,25.0188,25.0172,25.0155,25.0139,25.0123,25.0109,25.0096,25.0087,25.0081,25.0081,25.0086,25.0099,25.0121,25.0154,25.02,25.026,25.0338,25.0435,25.0555,25.0699,25.0872,25.1076,25.1315,25.1592,25.191,25.2272,25.2715,25.2965,
25.3119,25.2796,25.22,25.1689,25.124,25.0852,25.0522,25.0246,25.0019,24.9838,24.9697,24.9593,24.952,24.9476,24.9455,24.9454,24.947,24.9499,24.9539,24.9588,24.9643,24.9702,24.9765,24.9829,24.9893,24.9957,25.002,25.0081,25.014,25.0196,25.0249,25.0298,25.0344,25.0387,25.0425,25.046,25.0491,25.0518,25.0541,25.0561,25.0577,25.0589,25.0597,25.0602,25.0604,25.0602,25.0597,25.0589,25.0578,25.0564,25.0548,25.0529,25.0508,25.0485,25.0461,25.0435,25.0409,25.0382,25.0356,25.0331,25.0308,25.0287,25.0271,25.0259,25.0254,25.0256,25.0269,25.0293,25.033,25.0385,25.0458,25.0552,25.0672,25.082,25.0999,25.1214,25.1467,25.1763,25.2105,25.2529,25.2772,
25.2829,25.2505,25.1911,25.1407,25.0971,25.0601,25.0292,25.004,24.9841,24.969,24.9581,24.9509,24.9469,24.9457,24.9467,24.9497,24.9542,24.9599,24.9665,24.9738,24.9816,24.9896,24.9978,25.0059,25.0139,25.0218,25.0294,25.0366,25.0435,25.05,25.0561,25.0618,25.067,25.0718,25.0761,25.0799,25.0833,25.0863,25.0888,25.0908,25.0924,25.0937,25.0944,25.0948,25.0948,25.0944,25.0936,25.0924,25.0909,25.0891,25.0869,25.0844,25.0816,25.0786,25.0753,25.0718,25.0681,25.0644,25.0605,25.0567,25.0529,25.0492,25.0458,25.0428,25.0403,25.0384,25.0374,25.0374,25.0387,25.0415,25.046,25.0527,25.0618,25.0737,25.0888,25.1075,25.13,25.157,25.1887,25.229,25.2522,
25.2464,25.214,25.1551,25.1057,25.0637,25.0288,25.0005,24.9783,24.9618,24.9502,24.9429,24.9395,24.9393,24.9417,24.9464,24.9528,24.9605,24.9693,24.9788,24.9887,24.9989,25.0091,25.0193,25.0293,25.039,25.0484,25.0573,25.0657,25.0737,25.0811,25.088,25.0944,25.1002,25.1055,25.1103,25.1145,25.1182,25.1214,25.124,25.1262,25.1278,25.129,25.1297,25.13,25.1298,25.1291,25.128,25.1265,25.1246,25.1222,25.1195,25.1164,25.1129,25.1091,25.1049,25.1005,25.0958,25.0908,25.0857,25.0804,25.0751,25.0697,25.0645,25.0595,25.0548,25.0507,25.0472,25.0445,25.043,25.0429,25.0444,25.048,25.0539,25.0625,25.0743,25.0897,25.1091,25.133,25.1618,25.1995,25.2215,
25.2018,25.1696,25.1112,25.0631,25.0231,24.9908,24.9657,24.9472,24.9346,24.9271,24.9242,24.9251,24.9292,24.9358,24.9445,24.9547,24.9661,24.9782,24.9908,25.0036,25.0164,25.029,25.0414,25.0533,25.0647,25.0756,25.0859,25.0956,25.1046,25.113,25.1207,25.1278,25.1343,25.1401,25.1453,25.1498,25.1538,25.1572,25.16,25.1622,25.1639,25.1651,25.1657,25.1658,25.1654,25.1645,25.1631,25.1612,25.1589,25.156,25.1528,25.149,25.1448,25.1402,25.1351,25.1297,25.1239,25.1177,25.1112,25.1045,25.0975,25.0904,25.0832,25.0761,25.0692,25.0625,25.0563,25.0509,25.0463,25.043,25.0411,25.0411,25.0434,25.0483,25.0564,25.068,25.0837,25.104,25.1294,25.164,25.1845,
25.1484,25.1163,25.0587,25.0123,24.9748,24.9457,24.9244,24.9102,24.9023,24.8998,24.9019,24.9078,24.9168,24.9282,24.9414,24.9559,24.9713,24.987,25.003,25.0188,25.0344,25.0495,25.0641,25.078,25.0913,25.1037,25.1154,25.1263,25.1364,25.1458,25.1543,25.1621,25.1691,25.1755,25.1811,25.186,25.1902,25.1938,25.1967,25.1991,25.2008,25.2019,25.2024,25.2024,25.2018,25.2006,25.1989,25.1967,25.1939,25.1905,25.1867,25.1823,25.1773,25.1719,25.166,25.1595,25.1526,25.1451,25.1373,25.129,25.1204,25.1114,25.1022,25.0929,25.0835,25.0742,25.0652,25.0566,25.0487,25.0418,25.0363,25.0323,25.0305,25.0312,25.035,25.0423,25.0538,25.07,25.0914,25.1223,25.1411,
25.0851,25.0533,24.9967,24.9524,24.9179,24.8928,24.8762,24.8672,24.8648,24.8681,24.8761,24.8878,24.9024,24.9192,24.9375,24.9567,24.9763,24.9961,25.0156,25.0347,25.0532,25.0709,25.0878,25.1038,25.1188,25.1329,25.146,25.1581,25.1693,25.1795,25.1889,25.1974,25.205,25.2118,25.2178,25.223,25.2275,25.2312,25.2343,25.2367,25.2384,25.2395,25.2399,25.2397,25.2389,25.2375,25.2354,25.2328,25.2296,25.2258,25.2213,25.2163,25.2107,25.2044,25.1975,25.1901,25.182,25.1733,25.1641,25.1542,25.1439,25.133,25.1217,25.11,25.0981,25.086,25.0739,25.062,25.0505,25.0398,25.0301,25.0218,25.0154,25.0114,25.0103,25.0127,25.0193,25.0307,25.0474,25.074,25.0909,
25.011,24.9794,24.9241,24.8824,24.8517,24.8314,24.8204,24.8176,24.8219,24.8321,24.8469,24.8653,24.8863,24.9091,24.933,24.9573,24.9817,25.0057,25.0291,25.0516,25.0731,25.0935,25.1128,25.1308,25.1477,25.1633,25.1778,25.1911,25.2034,25.2145,25.2246,25.2337,25.2419,25.2491,25.2555,25.261,25.2657,25.2696,25.2728,25.2752,25.2769,25.2779,25.2782,25.2778,25.2768,25.2751,25.2728,25.2698,25.2661,25.2618,25.2568,25.2512,25.2448,25.2377,25.23,25.2215,25.2123,25.2024,25.1917,25.1803,25.1682,25.1554,25.1419,25.1278,25.1132,25.0981,25.0828,25.0673,25.052,25.037,25.0228,25.0097,24.9982,24.9889,24.9823,24.9792,24.9802,24.986,24.9973,25.019,25.0335,
24.9245,24.8933,24.8396,24.8011,24.775,24.7606,24.7565,24.7613,24.7735,24.7917,24.8145,24.8406,24.8688,24.8984,24.9284,24.9584,24.9879,25.0164,25.0438,25.0699,25.0945,25.1176,25.1393,25.1594,25.1781,25.1953,25.2111,25.2256,25.2388,25.2507,25.2615,25.2712,25.2799,25.2875,25.2942,25.3,25.3049,25.3089,25.3122,25.3146,25.3163,25.3172,25.3174,25.3169,25.3156,25.3137,25.311,25.3076,25.3036,25.2988,25.2932,25.2869,25.2799,25.272,25.2634,25.2539,25.2436,25.2324,25.2204,25.2074,25.1935,25.1787,25.163,25.1465,25.1291,25.111,25.0922,25.073,25.0535,25.034,25.0149,24.9965,24.9793,24.9641,24.9513,24.9418,24.9363,24.9358,24.9408,24.9568,24.9686,
24.824,24.7933,24.7415,24.7069,24.6867,24.6795,24.6838,24.6978,24.7195,24.7473,24.7793,24.8142,24.8506,24.8877,24.9245,24.9606,24.9954,25.0287,25.0603,25.09,25.1178,25.1437,25.1676,25.1898,25.2102,25.2289,25.246,25.2615,25.2756,25.2884,25.2998,25.3101,25.3192,25.3272,25.3341,25.3401,25.3451,25.3493,25.3525,25.355,25.3566,25.3574,25.3575,25.3568,25.3553,25.3531,25.3501,25.3464,25.3419,25.3367,25.3306,25.3237,25.316,25.3074,25.2979,25.2875,25.2761,25.2637,25.2502,25.2357,25.2201,25.2034,25.1855,25.1664,25.1462,25.1249,25.1026,25.0795,25.0556,25.0312,25.0067,24.9825,24.9591,24.9372,24.9174,24.9007,24.8879,24.88,24.8778,24.8871,24.8959,
24.7074,24.6772,24.6278,24.5982,24.5851,24.587,24.6017,24.6269,24.6601,24.6991,24.7419,24.7868,24.8325,24.8778,24.9221,24.9646,25.0051,25.0433,25.0791,25.1125,25.1434,25.172,25.1982,25.2223,25.2444,25.2644,25.2827,25.2992,25.3142,25.3276,25.3396,25.3503,25.3598,25.3681,25.3752,25.3814,25.3865,25.3907,25.394,25.3964,25.3979,25.3986,25.3985,25.3976,25.396,25.3935,25.3902,25.3862,25.3813,25.3756,25.369,25.3616,25.3532,25.3439,25.3336,25.3223,25.3098,25.2963,25.2815,25.2655,25.2482,25.2295,25.2094,25.1879,25.1649,25.1404,25.1145,25.0872,25.0587,25.0292,24.9989,24.9684,24.9381,24.9087,24.8811,24.8561,24.8349,24.8185,24.808,24.8097,24.815,
24.5721,24.5424,24.496,24.4726,24.4686,24.4819,24.5096,24.5485,24.5955,24.6479,24.7032,24.7595,24.8154,24.8698,24.922,24.9714,25.0177,25.0609,25.101,25.1379,25.1719,25.203,25.2314,25.2573,25.2808,25.3022,25.3215,25.3388,25.3545,25.3685,25.381,25.392,25.4018,25.4103,25.4176,25.4238,25.429,25.4332,25.4365,25.4388,25.4402,25.4408,25.4406,25.4395,25.4376,25.4349,25.4313,25.4269,25.4217,25.4155,25.4085,25.4005,25.3916,25.3816,25.3706,25.3584,25.345,25.3304,25.3144,25.297,25.278,25.2575,25.2353,25.2113,25.1855,25.1578,25.1282,25.0968,25.0635,25.0285,24.9922,24.9548,24.9169,24.8793,24.8428,24.8084,24.7775,24.7514,24.7313,24.7243,24.7258,
24.4146,24.3855,24.3426,24.3272,24.335,24.3629,24.4069,24.4628,24.5265,24.5946,24.6644,24.7336,24.8008,24.865,24.9254,24.9819,25.0342,25.0823,25.1265,25.1669,25.2037,25.2372,25.2675,25.295,25.3198,25.3422,25.3624,25.3805,25.3967,25.4112,25.424,25.4353,25.4452,25.4539,25.4613,25.4675,25.4727,25.4769,25.4801,25.4823,25.4836,25.4841,25.4837,25.4824,25.4802,25.4773,25.4734,25.4687,25.4631,25.4566,25.4492,25.4407,25.4313,25.4207,25.409,25.396,25.3818,25.3661,25.349,25.3303,25.3098,25.2876,25.2634,25.2371,25.2086,25.1777,25.1445,25.1088,25.0707,25.0301,24.9873,24.9426,24.8965,24.8497,24.8032,24.7582,24.7162,24.6788,24.6475,24.6309,24.6282,
24.2306,24.2021,24.1635,24.1584,24.1816,24.2285,24.2934,24.3704,24.4544,24.5411,24.6274,24.711,24.7904,24.8648,24.9339,24.9974,25.0555,25.1084,25.1565,25.2,25.2394,25.2749,25.3069,25.3358,25.3617,25.3849,25.4057,25.4244,25.441,25.4557,25.4687,25.4802,25.4902,25.4989,25.5063,25.5125,25.5177,25.5217,25.5248,25.5269,25.5281,25.5284,25.5278,25.5263,25.5239,25.5207,25.5166,25.5116,25.5057,25.4989,25.491,25.4822,25.4722,25.4611,25.4488,25.4352,25.4202,25.4037,25.3856,25.3657,25.3439,25.32,25.294,25.2655,25.2345,25.2007,25.164,25.1241,25.0811,25.0348,24.9854,24.933,24.878,24.8212,24.7635,24.7063,24.6514,24.6009,24.5567,24.5295,24.5226,
24.0143,23.9861,23.9527,23.9615,24.0054,24.0775,24.1692,24.2727,24.3813,24.4897,24.5947,24.6939,24.7863,24.8713,24.9488,25.0192,25.0828,25.1401,25.1916,25.2379,25.2794,25.3166,25.35,25.3798,25.4065,25.4303,25.4516,25.4705,25.4873,25.5022,25.5153,25.5268,25.5368,25.5454,25.5527,25.5588,25.5638,25.5677,25.5707,25.5726,25.5736,25.5737,25.5729,25.5712,25.5686,25.5652,25.5609,25.5556,25.5494,25.5423,25.5341,25.5249,25.5146,25.503,25.4902,25.4761,25.4604,25.4432,25.4242,25.4033,25.3804,25.3552,25.3275,25.2971,25.2638,25.2272,25.1872,25.1435,25.0957,25.0438,24.9876,24.9272,24.8628,24.795,24.7248,24.6538,24.5839,24.518,24.4586,24.4202,24.4095,
23.7582,23.7297,23.7025,23.7302,23.8028,23.9088,24.0358,24.1725,24.3105,24.444,24.5696,24.6855,24.7911,24.8865,24.9721,25.0488,25.1173,25.1783,25.2327,25.2812,25.3243,25.3627,25.397,25.4274,25.4545,25.4787,25.5001,25.5191,25.5359,25.5507,25.5637,25.5751,25.5849,25.5933,25.6005,25.6064,25.6112,25.615,25.6177,25.6194,25.6202,25.6201,25.6191,25.6172,25.6144,25.6108,25.6062,25.6007,25.5943,25.5869,25.5785,25.569,25.5583,25.5465,25.5333,25.5187,25.5025,25.4847,25.465,25.4434,25.4195,25.3932,25.3642,25.3322,25.2969,25.258,25.215,25.1677,25.1156,25.0583,24.9955,24.927,24.8528,24.7733,24.6893,24.6024,24.5151,24.4308,24.3531,24.3034,24.2903,
23.4523,23.4218,23.4017,23.4563,23.5697,23.7229,23.8963,24.0746,24.2474,24.409,24.5566,24.6894,24.8078,24.9129,25.0057,25.0877,25.1601,25.224,25.2804,25.3303,25.3745,25.4135,25.4481,25.4788,25.5059,25.53,25.5513,25.5701,25.5867,25.6012,25.614,25.6251,25.6346,25.6428,25.6497,25.6553,25.6599,25.6633,25.6658,25.6673,25.6679,25.6675,25.6663,25.6642,25.6612,25.6574,25.6526,25.6469,25.6403,25.6327,25.6241,25.6144,25.6035,25.5914,25.5779,25.563,25.5466,25.5284,25.5082,25.486,25.4615,25.4344,25.4044,25.3711,25.3343,25.2934,25.2481,25.1977,25.1417,25.0795,25.0105,24.9342,24.8502,24.7585,24.6596,24.5548,24.4468,24.3401,24.2398,24.1797,24.1675,
23.0841,23.0472,23.0337,23.1285,23.3029,23.5227,23.7575,23.9869,24.1997,24.3915,24.5612,24.71,24.8399,24.953,25.0516,25.1375,25.2124,25.278,25.3355,25.3859,25.4302,25.4693,25.5037,25.534,25.5608,25.5844,25.6053,25.6236,25.6397,25.6538,25.6661,25.6768,25.6859,25.6937,25.7002,25.7055,25.7097,25.7129,25.7151,25.7163,25.7166,25.716,25.7146,25.7122,25.7091,25.705,25.7001,25.6943,25.6875,25.6798,25.671,25.6611,25.6501,25.6379,25.6243,25.6092,25.5926,25.5742,25.5538,25.5313,25.5064,25.4788,25.4482,25.4142,25.3764,25.3341,25.287,25.2343,25.1752,25.1089,25.0345,24.9511,24.8578,24.7539,24.6392,24.5145,24.3824,24.2479,24.1179,24.0499,24.0449,
22.6393,22.5842,22.5723,22.7315,23.0015,23.3174,23.6323,23.9223,24.1785,24.4001,24.59,24.7523,24.8909,25.0096,25.1115,25.1993,25.2751,25.3409,25.3982,25.4481,25.4918,25.5301,25.5637,25.5932,25.6191,25.6419,25.662,25.6796,25.695,25.7084,25.7201,25.7302,25.7388,25.7461,25.7521,25.757,25.7608,25.7636,25.7654,25.7663,25.7663,25.7655,25.7638,25.7613,25.7579,25.7537,25.7486,25.7427,25.7358,25.7279,25.7191,25.7092,25.6982,25.6859,25.6723,25.6573,25.6406,25.6222,25.6019,25.5794,25.5544,25.5267,25.496,25.4617,25.4234,25.3805,25.3324,25.2782,25.2171,25.1479,25.0694,24.9802,24.8787,24.7635,24.6332,24.4872,24.3271,24.158,23.987,23.9154,23.929,
22.1098,22.0027,21.972,22.2446,22.6734,23.128,23.5435,23.9,24.198,24.4452,24.6502,24.821,24.964,25.0846,25.1869,25.2741,25.3489,25.4132,25.4689,25.5172,25.5593,25.596,25.6281,25.6562,25.6809,25.7025,25.7214,25.738,25.7524,25.765,25.7759,25.7852,25.7931,25.7998,25.8052,25.8096,25.813,25.8153,25.8168,25.8173,25.817,25.8159,25.814,25.8112,25.8077,25.8033,25.7981,25.7921,25.7851,25.7773,25.7685,25.7586,25.7476,25.7354,25.722,25.7071,25.6906,25.6725,25.6524,25.6301,25.6055,25.5781,25.5476,25.5136,25.4756,25.4328,25.3846,25.3301,25.2682,25.1976,25.1167,25.0237,24.9163,24.7919,24.6476,24.4806,24.2896,24.0778,23.8488,23.7804,23.8306,
21.5224,21.2647,21.1438,21.64,22.3518,22.9993,23.5282,23.9461,24.2755,24.5375,24.7483,24.9202,25.0618,25.1797,25.2787,25.3625,25.4339,25.495,25.5476,25.5931,25.6326,25.6669,25.6969,25.723,25.7459,25.7659,25.7834,25.7986,25.8119,25.8234,25.8333,25.8418,25.8489,25.8548,25.8596,25.8634,25.8662,25.8681,25.8691,25.8693,25.8687,25.8673,25.8651,25.8621,25.8584,25.8539,25.8486,25.8425,25.8356,25.8277,25.819,25.8092,25.7984,25.7864,25.7732,25.7586,25.7426,25.7248,25.7052,25.6836,25.6596,25.6329,25.6033,25.5701,25.5329,25.4911,25.4439,25.3903,25.3291,25.2589,25.1779,25.0839,24.9739,24.8441,24.6899,24.5051,24.2834,24.021,23.71,23.6502,23.7601,
21.0134,20.4421,19.9864,20.861,22.1346,23.0144,23.6396,24.0909,24.4273,24.6857,24.889,25.0522,25.1853,25.2952,25.387,25.4643,25.5299,25.5859,25.634,25.6754,25.7114,25.7425,25.7697,25.7934,25.814,25.8321,25.8478,25.8615,25.8733,25.8836,25.8923,25.8998,25.906,25.9111,25.9152,25.9183,25.9205,25.9219,25.9224,25.9222,25.9212,25.9195,25.9171,25.9139,25.91,25.9054,25.9,25.8939,25.887,25.8792,25.8706,25.861,25.8504,25.8387,25.8259,25.8118,25.7963,25.7792,25.7604,25.7396,25.7166,25.6911,25.6627,25.631,25.5955,25.5555,25.5102,25.4588,25.4,25.3323,25.2538,25.1621,25.0538,24.9244,24.7676,24.5738,24.3288,24.0132,23.5756,23.4354,23.5545,
20.8055,20.0327,19.315,20.4178,22.0702,23.0711,23.7345,24.1918,24.5237,24.7746,24.9703,25.1266,25.2535,25.358,25.4452,25.5184,25.5805,25.6335,25.679,25.7182,25.7521,25.7815,25.8071,25.8294,25.8489,25.8658,25.8806,25.8934,25.9045,25.914,25.9222,25.9291,25.9348,25.9395,25.9432,25.946,25.9479,25.949,25.9493,25.9489,25.9477,25.9458,25.9433,25.94,25.936,25.9313,25.9259,25.9198,25.9129,25.9052,25.8966,25.8872,25.8767,25.8653,25.8527,25.8388,25.8236,25.8069,25.7885,25.7682,25.7458,25.721,25.6933,25.6625,25.628,25.5891,25.5451,25.4951,25.4379,25.372,25.2955,25.2058,25.0996,24.9721,24.8163,24.6209,24.3676,24.0257,23.5095,23.2838,23.3765,
