-4.47575e-05,-0.0208915,-0.0208466,-0.0207719,-0.0206904,-0.0206079,-0.0205263,-0.0204463,-0.0203682,-0.0202921,-0.0202181,-0.0201462,-0.0200766,-0.0200092,-0.019944,-0.0198811,-0.0198206,-0.0197623,-0.0197063,-0.0196527,-0.0196014,-0.0195525,-0.019506,-0.0194618,-0.01942,-0.0193806,-0.0193435,-0.0193089,-0.0192766,-0.0192468,-0.0192193,-0.0191943,-0.0191716,-0.0191514,-0.0191335,-0.0191181,-0.0191051,-0.0190944,-0.0190862,-0.0190804,-0.019077,-0.019076,-0.0190774,-0.0190812,-0.0190874,-0.0190961,-0.0191071,-0.0191205,-0.0191363,-0.0191545,-0.0191751,-0.019198,-0.0192234,-0.0192512,-0.0192813,-0.0193139,-0.0193488,-0.0193862,-0.0194259,-0.019468,-0.0195126,-0.0195596,-0.019609,-0.0196609,-0.0197153,-0.0197723,-0.0198319,-0.0198942,-0.0199596,-0.0200282,-0.0201005,-0.0201774,-0.0202602,-0.0203519,-0.0204584,-0.0205932,-0.0207924,-0.0211607,-0.0222255,-0.0116357,-0.000113603,
0,0.0208915,0.0208466,0.0207719,0.0206904,0.0206079,0.0205263,0.0204463,0.0203682,0.0202921,0.0202181,0.0201462,0.0200766,0.0200092,0.019944,0.0198811,0.0198206,0.0197623,0.0197063,0.0196527,0.0196014,0.0195525,0.019506,0.0194618,0.01942,0.0193806,0.0193435,0.0193089,0.0192766,0.0192468,0.0192193,0.0191943,0.0191716,0.0191514,0.0191335,0.0191181,0.0191051,0.0190944,0.0190862,0.0190804,0.019077,0.019076,0.0190774,0.0190812,0.0190874,0.0190961,0.0191071,0.0191205,0.0191363,0.0191545,0.0191751,0.019198,0.0192234,0.0192512,0.0192813,0.0193139,0.0193488,0.0193862,0.0194259,0.019468,0.0195126,0.0195596,0.019609,0.0196609,0.0197153,0.0197723,0.0198319,0.0198942,0.0199596,0.0200282,0.0201005,0.0201774,0.0202602,0.0203519,0.0204584,0.0205932,0.0207924,0.0211607,0.0222255,0.0116357,0,
0,0.0209633,0.020888,0.0208084,0.0207259,0.0206426,0.02056,0.0204788,0.0203994,0.0203219,0.0202466,0.0201735,0.0201026,0.020034,0.0199677,0.0199038,0.0198423,0.0197831,0.0197263,0.019672,0.01962,0.0195705,0.0195234,0.0194788,0.0194365,0.0193967,0.0193594,0.0193244,0.0192919,0.0192619,0.0192343,0.0192091,0.0191864,0.0191661,0.0191482,0.0191328,0.0191198,0.0191093,0.0191012,0.0190955,0.0190922,0.0190914,0.019093,0.0190971,0.0191036,0.0191125,0.0191239,0.0191377,0.019154,0.0191727,0.0191939,0.0192175,0.0192436,0.0192722,0.0193032,0.0193368,0.0193729,0.0194115,0.0194527,0.0194964,0.0195428,0.0195918,0.0196436,0.0196982,0.0197556,0.0198161,0.0198799,0.0199471,0.0200184,0.0200942,0.0201755,0.020264,0.0203622,0.0204749,0.0206106,0.0207861,0.0210339,0.0214154,0.022169,0.0114201,0,
0,0.0214695,0.0213831,0.0212982,0.0212133,0.0211288,0.0210454,0.0209634,0.0208832,0.0208051,0.0207291,0.0206553,0.0205839,0.0205147,0.020448,0.0203837,0.0203218,0.0202623,0.0202053,0.0201508,0.0200987,0.0200491,0.0200019,0.0199572,0.019915,0.0198753,0.019838,0.0198032,0.0197709,0.019741,0.0197135,0.0196886,0.019666,0.0196459,0.0196283,0.0196131,0.0196003,0.01959,0.0195822,0.0195767,0.0195737,0.0195732,0.019575,0.0195794,0.0195861,0.0195954,0.0196071,0.0196212,0.0196378,0.0196569,0.0196785,0.0197026,0.0197292,0.0197584,0.0197901,0.0198244,0.0198613,0.0199008,0.0199431,0.019988,0.0200357,0.0200863,0.0201399,0.0201965,0.0202563,0.0203196,0.0203867,0.0204578,0.0205337,0.020615,0.0207031,0.0207998,0.0209081,0.0210325,0.0211805,0.0213639,0.0215993,0.021904,0.0224143,0.0114411,0,
0,0.0219653,0.0218734,0.0217842,0.0216965,0.0216102,0.0215254,0.0214424,0.0213613,0.0212823,0.0212055,0.021131,0.0210589,0.0209892,0.0209219,0.0208572,0.0207949,0.0207351,0.0206778,0.020623,0.0205708,0.0205211,0.0204738,0.0204291,0.0203869,0.0203472,0.02031,0.0202753,0.0202431,0.0202134,0.0201861,0.0201613,0.020139,0.0201191,0.0201017,0.0200867,0.0200741,0.0200641,0.0200564,0.0200512,0.0200485,0.0200482,0.0200503,0.0200549,0.020062,0.0200715,0.0200835,0.0200979,0.0201149,0.0201344,0.0201564,0.020181,0.0202081,0.0202378,0.0202702,0.0203052,0.0203429,0.0203833,0.0204265,0.0204726,0.0205217,0.0205737,0.0206289,0.0206875,0.0207495,0.0208153,0.0208852,0.0209597,0.0210394,0.0211251,0.0212181,0.0213202,0.0214338,0.0215625,0.021711,0.0218853,0.0220904,0.0223236,0.0227044,0.0115422,0,
0,0.022456,0.0223606,0.0222682,0.022178,0.0220897,0.0220033,0.0219189,0.0218367,0.0217567,0.0216791,0.0216038,0.021531,0.0214607,0.0213929,0.0213277,0.021265,0.0212049,0.0211473,0.0210923,0.0210399,0.02099,0.0209428,0.020898,0.0208558,0.0208162,0.0207791,0.0207445,0.0207124,0.0206828,0.0206557,0.0206311,0.0206089,0.0205893,0.0205721,0.0205573,0.020545,0.0205352,0.0205278,0.0205228,0.0205203,0.0205202,0.0205226,0.0205275,0.0205348,0.0205446,0.0205569,0.0205717,0.020589,0.0206089,0.0206313,0.0206563,0.0206839,0.0207141,0.0207471,0.0207827,0.0208212,0.0208625,0.0209066,0.0209538,0.021004,0.0210574,0.0211142,0.0211744,0.0212384,0.0213064,0.0213787,0.0214559,0.0215385,0.0216273,0.0217234,0.0218283,0.0219437,0.0220719,0.0222152,0.0223755,0.0225519,0.0227366,0.0230554,0.0117003,0,
0,0.0229427,0.0228446,0.0227495,0.0226569,0.0225666,0.0224786,0.0223928,0.0223094,0.0222284,0.0221498,0.0220737,0.0220002,0.0219292,0.0218608,0.0217951,0.021732,0.0216715,0.0216137,0.0215585,0.0215059,0.021456,0.0214086,0.0213639,0.0213217,0.0212821,0.0212451,0.0212106,0.0211787,0.0211492,0.0211223,0.0210979,0.021076,0.0210565,0.0210395,0.021025,0.0210129,0.0210033,0.0209961,0.0209914,0.0209892,0.0209893,0.020992,0.0209971,0.0210047,0.0210147,0.0210273,0.0210424,0.02106,0.0210802,0.021103,0.0211284,0.0211565,0.0211872,0.0212207,0.021257,0.0212961,0.0213382,0.0213832,0.0214314,0.0214827,0.0215373,0.0215954,0.0216571,0.0217228,0.0217926,0.0218668,0.0219461,0.0220308,0.0221216,0.0222195,0.0223253,0.0224403,0.0225656,0.0227018,0.0228488,0.0230038,0.023159,0.0234495,0.0118914,0,
0,0.0234256,0.0233252,0.0232278,0.023133,0.0230408,0.0229511,0.0228639,0.0227792,0.022697,0.0226175,0.0225405,0.0224662,0.0223946,0.0223256,0.0222594,0.0221959,0.0221351,0.022077,0.0220216,0.0219688,0.0219188,0.0218714,0.0218266,0.0217845,0.021745,0.0217081,0.0216737,0.0216419,0.0216127,0.0215859,0.0215617,0.02154,0.0215208,0.021504,0.0214897,0.0214779,0.0214685,0.0214616,0.0214571,0.021455,0.0214555,0.0214584,0.0214637,0.0214715,0.0214819,0.0214947,0.0215101,0.021528,0.0215485,0.0215716,0.0215974,0.0216259,0.0216571,0.0216911,0.0217279,0.0217677,0.0218104,0.0218562,0.0219052,0.0219575,0.0220132,0.0220724,0.0221354,0.0222024,0.0222737,0.0223495,0.0224302,0.0225163,0.0226084,0.0227069,0.0228126,0.0229261,0.0230477,0.0231772,0.0233136,0.023454,0.0235921,0.0238709,0.0121011,0,
0,0.023905,0.0238024,0.0237029,0.0236061,0.023512,0.0234207,0.023332,0.0232459,0.0231626,0.023082,0.0230041,0.022929,0.0228567,0.0227872,0.0227205,0.0226566,0.0225954,0.022537,0.0224814,0.0224286,0.0223784,0.022331,0.0222862,0.0222442,0.0222047,0.0221679,0.0221337,0.0221021,0.022073,0.0220465,0.0220225,0.022001,0.021982,0.0219655,0.0219514,0.0219398,0.0219307,0.021924,0.0219198,0.021918,0.0219186,0.0219217,0.0219273,0.0219354,0.021946,0.021959,0.0219747,0.0219929,0.0220137,0.0220371,0.0220632,0.022092,0.0221236,0.0221581,0.0221954,0.0222357,0.022279,0.0223255,0.0223752,0.0224283,0.0224849,0.0225451,0.0226092,0.0226773,0.0227497,0.0228266,0.0229084,0.0229954,0.0230881,0.0231867,0.0232916,0.0234032,0.0235212,0.0236453,0.0237739,0.0239049,0.0240334,0.0243087,0.0123212,0,
0,0.0243811,0.0242763,0.0241747,0.0240759,0.02398,0.023887,0.0237968,0.0237094,0.0236249,0.0235433,0.0234645,0.0233886,0.0233156,0.0232455,0.0231783,0.0231139,0.0230525,0.0229938,0.022938,0.022885,0.0228348,0.0227874,0.0227427,0.0227007,0.0226614,0.0226247,0.0225907,0.0225592,0.0225304,0.0225041,0.0224803,0.022459,0.0224403,0.022424,0.0224102,0.0223989,0.02239,0.0223835,0.0223795,0.0223779,0.0223788,0.0223821,0.0223879,0.0223962,0.022407,0.0224203,0.0224362,0.0224546,0.0224756,0.0224993,0.0225257,0.0225549,0.0225868,0.0226216,0.0226594,0.0227001,0.022744,0.022791,0.0228414,0.0228951,0.0229525,0.0230135,0.0230784,0.0231473,0.0232206,0.0232983,0.0233808,0.0234684,0.0235612,0.0236595,0.0237635,0.0238732,0.0239883,0.0241081,0.0242315,0.0243566,0.0244801,0.0247558,0.012547,0,
0,0.0248536,0.0247467,0.024643,0.0245423,0.0244446,0.0243499,0.0242582,0.0241695,0.0240838,0.0240011,0.0239214,0.0238447,0.0237711,0.0237004,0.0236327,0.0235679,0.0235061,0.0234473,0.0233913,0.0233382,0.023288,0.0232405,0.0231959,0.023154,0.0231148,0.0230783,0.0230445,0.0230133,0.0229846,0.0229586,0.0229351,0.0229141,0.0228956,0.0228796,0.022866,0.0228549,0.0228463,0.02284,0.0228363,0.0228349,0.022836,0.0228396,0.0228456,0.022854,0.022865,0.0228785,0.0228946,0.0229132,0.0229344,0.0229584,0.022985,0.0230144,0.0230466,0.0230817,0.0231198,0.0231609,0.0232052,0.0232527,0.0233036,0.0233579,0.0234158,0.0234774,0.023543,0.0236126,0.0236864,0.0237647,0.0238477,0.0239354,0.0240282,0.0241261,0.0242292,0.0243373,0.02445,0.0245669,0.0246868,0.0248086,0.0249294,0.0252077,0.0127757,0,
0,0.0253227,0.0252136,0.0251078,0.0250052,0.0249057,0.0248094,0.0247162,0.0246261,0.0245392,0.0244555,0.0243748,0.0242974,0.024223,0.0241517,0.0240835,0.0240184,0.0239564,0.0238973,0.0238412,0.023788,0.0237378,0.0236904,0.0236458,0.0236041,0.0235651,0.0235288,0.0234952,0.0234642,0.0234358,0.02341,0.0233868,0.0233661,0.0233479,0.0233321,0.0233188,0.023308,0.0232996,0.0232936,0.0232901,0.023289,0.0232903,0.023294,0.0233002,0.0233089,0.02332,0.0233337,0.0233499,0.0233687,0.0233901,0.0234142,0.023441,0.0234705,0.023503,0.0235383,0.0235767,0.0236181,0.0236627,0.0237105,0.0237617,0.0238165,0.0238748,0.0239369,0.0240029,0.024073,0.0241473,0.0242259,0.0243091,0.024397,0.0244896,0.024587,0.0246892,0.0247961,0.0249072,0.025022,0.0251398,0.0252598,0.0253796,0.0256616,0.0130054,0,
0,0.0257881,0.0256767,0.0255689,0.0254644,0.0253631,0.0252651,0.0251704,0.025079,0.0249909,0.0249061,0.0248246,0.0247463,0.0246713,0.0245995,0.0245309,0.0244654,0.0244031,0.0243438,0.0242876,0.0242344,0.0241842,0.0241369,0.0240925,0.0240509,0.0240121,0.023976,0.0239427,0.023912,0.0238839,0.0238584,0.0238355,0.0238151,0.0237971,0.0237817,0.0237687,0.0237581,0.02375,0.0237443,0.023741,0.0237401,0.0237416,0.0237455,0.0237518,0.0237607,0.0237719,0.0237857,0.0238021,0.023821,0.0238425,0.0238667,0.0238936,0.0239233,0.0239559,0.0239914,0.0240299,0.0240715,0.0241163,0.0241644,0.0242159,0.0242709,0.0243296,0.024392,0.0244583,0.0245287,0.0246032,0.0246821,0.0247654,0.0248532,0.0249456,0.0250426,0.0251441,0.02525,0.02536,0.0254736,0.0255903,0.0257094,0.0258291,0.0261153,0.0132352,0,
0,0.0262497,0.0261361,0.0260262,0.0259197,0.0258166,0.025717,0.0256208,0.0255281,0.0254388,0.025353,0.0252705,0.0251915,0.0251158,0.0250435,0.0249745,0.0249087,0.0248462,0.0247868,0.0247305,0.0246774,0.0246272,0.02458,0.0245358,0.0244944,0.0244559,0.0244201,0.024387,0.0243566,0.0243289,0.0243037,0.0242811,0.024261,0.0242434,0.0242283,0.0242156,0.0242053,0.0241975,0.024192,0.0241889,0.0241882,0.0241899,0.024194,0.0242005,0.0242095,0.0242209,0.0242347,0.0242512,0.0242701,0.0242917,0.024316,0.024343,0.0243728,0.0244054,0.024441,0.0244796,0.0245213,0.0245662,0.0246144,0.024666,0.0247212,0.02478,0.0248426,0.0249091,0.0249796,0.0250543,0.0251332,0.0252165,0.0253043,0.0253965,0.0254931,0.0255941,0.0256994,0.0258087,0.0259216,0.0260377,0.0261567,0.0262768,0.0265676,0.0134642,0,
0,0.0267075,0.0265916,0.0264795,0.026371,0.0262661,0.0261649,0.0260672,0.0259732,0.0258827,0.0257959,0.0257126,0.0256328,0.0255565,0.0254837,0.0254143,0.0253483,0.0252855,0.0252261,0.0251698,0.0251167,0.0250667,0.0250197,0.0249757,0.0249346,0.0248963,0.0248609,0.0248282,0.0247981,0.0247708,0.024746,0.0247237,0.024704,0.0246868,0.024672,0.0246596,0.0246496,0.024642,0.0246368,0.0246339,0.0246335,0.0246353,0.0246396,0.0246462,0.0246553,0.0246668,0.0246807,0.0246972,0.0247162,0.0247378,0.024762,0.024789,0.0248188,0.0248514,0.024887,0.0249255,0.0249672,0.0250122,0.0250604,0.0251121,0.0251673,0.0252261,0.0252888,0.0253553,0.0254259,0.0255006,0.0255795,0.0256627,0.0257503,0.0258423,0.0259387,0.0260394,0.0261442,0.0262531,0.0263658,0.0264818,0.0266011,0.0267219,0.0270175,0.013692,0,
0,0.0271611,0.0270429,0.0269287,0.0268182,0.0267115,0.0266086,0.0265094,0.0264141,0.0263225,0.0262346,0.0261505,0.02607,0.0259932,0.0259199,0.0258502,0.025784,0.0257211,0.0256617,0.0256055,0.0255525,0.0255026,0.0254559,0.0254122,0.0253714,0.0253335,0.0252984,0.0252661,0.0252365,0.0252095,0.0251851,0.0251633,0.025144,0.0251271,0.0251127,0.0251006,0.025091,0.0250837,0.0250787,0.0250761,0.0250758,0.0250779,0.0250822,0.025089,0.0250981,0.0251097,0.0251236,0.0251401,0.0251591,0.0251806,0.0252048,0.0252317,0.0252614,0.0252939,0.0253294,0.0253679,0.0254095,0.0254543,0.0255024,0.025554,0.0256091,0.0256679,0.0257305,0.025797,0.0258675,0.0259421,0.0260209,0.026104,0.0261914,0.0262832,0.0263794,0.0264798,0.0265845,0.0266933,0.0268059,0.0269222,0.0270421,0.0271639,0.0274644,0.0139183,0,
0,0.0276105,0.0274899,0.0273735,0.027261,0.0271525,0.0270479,0.0269473,0.0268507,0.026758,0.0266692,0.0265842,0.0265031,0.0264258,0.0263521,0.0262821,0.0262157,0.0261529,0.0260934,0.0260373,0.0259845,0.025935,0.0258885,0.0258452,0.0258048,0.0257673,0.0257327,0.0257008,0.0256716,0.0256451,0.0256212,0.0255998,0.0255809,0.0255645,0.0255505,0.0255388,0.0255295,0.0255225,0.0255178,0.0255154,0.0255153,0.0255175,0.025522,0.0255289,0.025538,0.0255496,0.0255636,0.02558,0.0255989,0.0256203,0.0256444,0.0256712,0.0257007,0.025733,0.0257683,0.0258066,0.025848,0.0258926,0.0259405,0.0259919,0.0260468,0.0261054,0.0261678,0.0262341,0.0263044,0.0263788,0.0264574,0.0265403,0.0266276,0.0267192,0.0268152,0.0269155,0.0270202,0.027129,0.0272418,0.0273586,0.0274792,0.0276021,0.0279076,0.0141426,0,
0,0.0280555,0.0279324,0.0278138,0.0276993,0.0275889,0.0274827,0.0273807,0.0272828,0.027189,0.0270993,0.0270136,0.0269319,0.0268541,0.0267801,0.0267099,0.0266435,0.0265806,0.0265213,0.0264654,0.0264129,0.0263636,0.0263176,0.0262746,0.0262347,0.0261977,0.0261636,0.0261323,0.0261036,0.0260777,0.0260543,0.0260334,0.026015,0.025999,0.0259853,0.0259741,0.0259651,0.0259584,0.025954,0.0259519,0.025952,0.0259543,0.0259589,0.0259659,0.0259751,0.0259866,0.0260005,0.0260168,0.0260356,0.0260569,0.0260808,0.0261073,0.0261366,0.0261686,0.0262036,0.0262416,0.0262827,0.026327,0.0263746,0.0264257,0.0264803,0.0265385,0.0266006,0.0266666,0.0267366,0.0268108,0.0268891,0.0269718,0.0270588,0.0271503,0.0272461,0.0273464,0.027451,0.02756,0.0276733,0.0277906,0.0279121,0.0280362,0.0283467,0.0143648,0,
0,0.0284958,0.0283702,0.0282493,0.0281328,0.0280206,0.0279128,0.0278093,0.0277102,0.0276154,0.0275248,0.0274384,0.0273562,0.027278,0.0272038,0.0271335,0.027067,0.0270043,0.0269451,0.0268895,0.0268374,0.0267886,0.026743,0.0267006,0.0266612,0.0266248,0.0265912,0.0265605,0.0265325,0.0265071,0.0264842,0.0264639,0.026446,0.0264305,0.0264173,0.0264065,0.0263979,0.0263916,0.0263874,0.0263855,0.0263858,0.0263883,0.0263931,0.0264,0.0264092,0.0264207,0.0264345,0.0264507,0.0264693,0.0264903,0.0265139,0.0265402,0.0265691,0.0266008,0.0266354,0.026673,0.0267137,0.0267575,0.0268047,0.0268553,0.0269095,0.0269674,0.027029,0.0270946,0.0271642,0.027238,0.027316,0.0273983,0.0274851,0.0275763,0.0276721,0.0277723,0.027877,0.0279863,0.0280999,0.028218,0.0283404,0.0284658,0.0287814,0.0145847,0,
0,0.0289312,0.0288031,0.02868,0.0285614,0.0284474,0.0283379,0.0282331,0.0281328,0.0280369,0.0279456,0.0278585,0.0277758,0.0276974,0.027623,0.0275527,0.0274863,0.0274237,0.0273649,0.0273097,0.027258,0.0272097,0.0271647,0.0271229,0.0270842,0.0270484,0.0270156,0.0269855,0.0269581,0.0269334,0.0269112,0.0268914,0.0268741,0.0268592,0.0268465,0.0268361,0.0268279,0.026822,0.0268181,0.0268165,0.026817,0.0268196,0.0268244,0.0268314,0.0268405,0.0268519,0.0268656,0.0268816,0.0268999,0.0269207,0.0269439,0.0269698,0.0269983,0.0270296,0.0270637,0.0271007,0.0271409,0.0271842,0.0272308,0.0272809,0.0273345,0.0273918,0.0274529,0.027518,0.0275871,0.0276604,0.027738,0.0278199,0.0279064,0.0279973,0.0280929,0.0281931,0.028298,0.0284075,0.0285217,0.0286404,0.0287638,0.0288905,0.0292113,0.0148022,0,
0,0.0293615,0.0292309,0.0291054,0.0289848,0.0288689,0.0287579,0.0286517,0.0285502,0.0284535,0.0283614,0.0282738,0.0281907,0.028112,0.0280376,0.0279674,0.0279012,0.027839,0.0277805,0.0277258,0.0276747,0.027627,0.0275827,0.0275416,0.0275036,0.0274686,0.0274365,0.0274072,0.0273806,0.0273566,0.0273351,0.027316,0.0272994,0.027285,0.0272729,0.027263,0.0272552,0.0272496,0.0272461,0.0272447,0.0272454,0.0272482,0.027253,0.02726,0.0272691,0.0272803,0.0272938,0.0273095,0.0273276,0.027348,0.0273708,0.0273962,0.0274242,0.0274549,0.0274884,0.0275249,0.0275644,0.027607,0.027653,0.0277023,0.0277553,0.0278119,0.0278723,0.0279367,0.0280052,0.0280779,0.028155,0.0282365,0.0283225,0.0284132,0.0285086,0.0286087,0.0287137,0.0288235,0.0289382,0.0290577,0.0291821,0.02931,0.029636,0.0150169,0,
0,0.0297864,0.0296532,0.0295254,0.0294027,0.0292851,0.0291725,0.029065,0.0289624,0.0288648,0.028772,0.028684,0.0286007,0.0285219,0.0284475,0.0283775,0.0283116,0.0282498,0.0281919,0.0281378,0.0280874,0.0280405,0.0279969,0.0279567,0.0279195,0.0278854,0.0278542,0.0278257,0.0277999,0.0277768,0.027756,0.0277377,0.0277217,0.027708,0.0276965,0.0276871,0.0276799,0.0276746,0.0276715,0.0276703,0.0276712,0.0276741,0.027679,0.0276859,0.0276949,0.027706,0.0277192,0.0277347,0.0277523,0.0277723,0.0277946,0.0278194,0.0278468,0.0278769,0.0279097,0.0279454,0.0279842,0.028026,0.0280712,0.0281197,0.0281718,0.0282276,0.0282872,0.0283508,0.0284186,0.0284906,0.028567,0.0286479,0.0287334,0.0288237,0.0289189,0.0290189,0.029124,0.029234,0.0293492,0.0294695,0.0295949,0.029724,0.0300552,0.0152289,0,
0,0.0302057,0.0300698,0.0299397,0.029815,0.0296956,0.0295815,0.0294727,0.0293691,0.0292707,0.0291774,0.029089,0.0290055,0.0289267,0.0288525,0.0287828,0.0287174,0.0286561,0.0285989,0.0285456,0.028496,0.02845,0.0284074,0.0283681,0.0283319,0.0282988,0.0282685,0.028241,0.0282162,0.0281939,0.028174,0.0281565,0.0281413,0.0281283,0.0281174,0.0281086,0.0281019,0.0280971,0.0280943,0.0280934,0.0280945,0.0280975,0.0281024,0.0281093,0.0281181,0.028129,0.0281419,0.028157,0.0281742,0.0281936,0.0282154,0.0282396,0.0282663,0.0282956,0.0283276,0.0283624,0.0284002,0.0284412,0.0284854,0.0285329,0.0285841,0.0286389,0.0286976,0.0287602,0.0288271,0.0288982,0.0289739,0.0290541,0.0291391,0.0292289,0.0293237,0.0294236,0.0295286,0.0296389,0.0297545,0.0298755,0.0300019,0.0301322,0.0304687,0.0154379,0,
0,0.030619,0.0304805,0.030348,0.0302212,0.0301001,0.0299845,0.0298746,0.0297701,0.029671,0.0295772,0.0294886,0.029405,0.0293264,0.0292525,0.0291832,0.0291184,0.0290579,0.0290015,0.0289491,0.0289005,0.0288555,0.028814,0.0287757,0.0287407,0.0287087,0.0286795,0.0286531,0.0286293,0.028608,0.0285891,0.0285725,0.0285581,0.0285459,0.0285357,0.0285275,0.0285213,0.028517,0.0285146,0.028514,0.0285152,0.0285183,0.0285233,0.0285301,0.0285388,0.0285494,0.028562,0.0285766,0.0285933,0.0286121,0.0286332,0.0286567,0.0286825,0.0287109,0.028742,0.0287759,0.0288127,0.0288525,0.0288956,0.0289421,0.0289921,0.0290458,0.0291033,0.0291649,0.0292307,0.0293009,0.0293756,0.029455,0.0295392,0.0296285,0.0297228,0.0298224,0.0299274,0.0300378,0.0301538,0.0302755,0.0304028,0.0305344,0.0308761,0.0156437,0,
0,0.0310261,0.0308848,0.0307501,0.0306212,0.0304984,0.0303814,0.0302703,0.030165,0.0300653,0.0299712,0.0298825,0.029799,0.0297207,0.0296473,0.0295786,0.0295146,0.029455,0.0293996,0.0293483,0.0293008,0.029257,0.0292167,0.0291797,0.0291459,0.0291151,0.0290872,0.029062,0.0290393,0.0290192,0.0290013,0.0289857,0.0289723,0.0289609,0.0289515,0.028944,0.0289383,0.0289345,0.0289324,0.0289321,0.0289336,0.0289368,0.0289417,0.0289484,0.0289569,0.0289672,0.0289794,0.0289935,0.0290096,0.0290278,0.0290482,0.0290707,0.0290957,0.0291231,0.0291531,0.0291858,0.0292215,0.0292601,0.0293019,0.0293471,0.0293958,0.0294482,0.0295045,0.0295648,0.0296294,0.0296984,0.0297721,0.0298505,0.0299338,0.0300223,0.0301161,0.0302154,0.0303201,0.0304306,0.0305469,0.0306691,0.0307973,0.0309301,0.031277,0.0158462,0,
0,0.0314265,0.0312826,0.0311455,0.0310147,0.0308902,0.0307719,0.0306598,0.0305537,0.0304535,0.0303592,0.0302705,0.0301873,0.0301095,0.0300367,0.0299689,0.0299058,0.0298473,0.0297931,0.029743,0.0296968,0.0296544,0.0296155,0.0295799,0.0295476,0.0295182,0.0294916,0.0294677,0.0294464,0.0294274,0.0294108,0.0293963,0.0293838,0.0293733,0.0293647,0.0293579,0.0293529,0.0293496,0.029348,0.029348,0.0293496,0.0293529,0.0293579,0.0293644,0.0293727,0.0293826,0.0293944,0.0294079,0.0294234,0.0294408,0.0294603,0.0294819,0.0295058,0.0295321,0.0295609,0.0295924,0.0296267,0.0296639,0.0297043,0.0297481,0.0297953,0.0298462,0.029901,0.0299599,0.0300231,0.0300908,0.0301632,0.0302404,0.0303227,0.0304103,0.0305034,0.0306021,0.0307066,0.030817,0.0309335,0.0310562,0.0311852,0.031319,0.0316712,0.0160452,0,
0,0.03182,0.0316733,0.0315339,0.0314012,0.0312751,0.0311555,0.0310425,0.0309358,0.0308353,0.030741,0.0306525,0.0305698,0.0304925,0.0304206,0.0303538,0.0302919,0.0302347,0.0301818,0.0301332,0.0300886,0.0300477,0.0300104,0.0299764,0.0299456,0.0299178,0.0298928,0.0298704,0.0298505,0.0298329,0.0298175,0.0298041,0.0297928,0.0297833,0.0297756,0.0297696,0.0297652,0.0297625,0.0297613,0.0297616,0.0297635,0.0297669,0.0297718,0.0297782,0.0297862,0.0297957,0.0298069,0.0298199,0.0298346,0.0298511,0.0298696,0.0298902,0.0299129,0.029938,0.0299655,0.0299955,0.0300283,0.030064,0.0301029,0.0301449,0.0301905,0.0302398,0.0302929,0.0303502,0.0304117,0.0304779,0.0305488,0.0306247,0.0307058,0.0307923,0.0308845,0.0309825,0.0310865,0.0311967,0.0313132,0.0314363,0.031566,0.0317008,0.0320582,0.0162405,0,
0,0.0322061,0.0320567,0.031915,0.0317804,0.0316528,0.0315321,0.0314182,0.0313111,0.0312105,0.0311162,0.0310282,0.0309461,0.0308697,0.0307989,0.0307333,0.0306728,0.030617,0.0305658,0.0305189,0.030476,0.0304369,0.0304014,0.0303692,0.0303402,0.0303141,0.0302908,0.03027,0.0302516,0.0302355,0.0302215,0.0302095,0.0301993,0.0301909,0.0301842,0.030179,0.0301754,0.0301732,0.0301725,0.0301732,0.0301753,0.0301787,0.0301836,0.0301898,0.0301975,0.0302066,0.0302172,0.0302294,0.0302433,0.0302589,0.0302764,0.0302958,0.0303172,0.0303409,0.0303669,0.0303953,0.0304265,0.0304605,0.0304975,0.0305378,0.0305815,0.0306288,0.0306801,0.0307355,0.0307952,0.0308596,0.0309288,0.0310031,0.0310828,0.031168,0.0312591,0.0313562,0.0314595,0.0315694,0.0316858,0.0318091,0.0319394,0.0320751,0.0324376,0.016432,0,
0,0.0325844,0.0324323,0.0322884,0.0321519,0.0320229,0.0319011,0.0317866,0.0316792,0.0315786,0.0314847,0.0313973,0.031316,0.0312408,0.0311713,0.0311072,0.0310483,0.0309943,0.0309449,0.0308999,0.030859,0.0308219,0.0307884,0.0307583,0.0307312,0.0307071,0.0306856,0.0306666,0.03065,0.0306355,0.030623,0.0306124,0.0306035,0.0305963,0.0305906,0.0305863,0.0305835,0.030582,0.0305818,0.0305828,0.0305851,0.0305886,0.0305934,0.0305994,0.0306067,0.0306153,0.0306253,0.0306368,0.0306498,0.0306643,0.0306806,0.0306987,0.0307187,0.0307408,0.0307652,0.0307919,0.0308212,0.0308533,0.0308883,0.0309266,0.0309682,0.0310134,0.0310626,0.0311159,0.0311735,0.0312359,0.0313032,0.0313757,0.0314536,0.0315373,0.0316271,0.031723,0.0318255,0.0319348,0.032051,0.0321743,0.0323051,0.0324415,0.0328092,0.0166193,0,
0,0.0329545,0.0327997,0.0326536,0.0325153,0.032385,0.0322624,0.0321474,0.0320398,0.0319394,0.0318461,0.0317595,0.0316794,0.0316055,0.0315376,0.0314753,0.0314183,0.0313663,0.0313191,0.0312763,0.0312376,0.0312028,0.0311715,0.0311436,0.0311188,0.0310968,0.0310774,0.0310604,0.0310456,0.0310329,0.0310221,0.031013,0.0310055,0.0309995,0.0309949,0.0309917,0.0309897,0.0309888,0.0309891,0.0309906,0.0309931,0.0309967,0.0310013,0.0310071,0.031014,0.0310221,0.0310314,0.031042,0.031054,0.0310674,0.0310824,0.0310991,0.0311176,0.031138,0.0311605,0.0311853,0.0312126,0.0312426,0.0312754,0.0313114,0.0313507,0.0313936,0.0314403,0.0314912,0.0315466,0.0316066,0.0316717,0.0317421,0.0318181,0.0319,0.0319882,0.0320828,0.0321842,0.0322926,0.0324083,0.0325316,0.0326626,0.0327997,0.0331723,0.0168024,0,
0,0.0333159,0.0331584,0.0330101,0.0328702,0.0327387,0.0326153,0.0325,0.0323925,0.0322926,0.0322001,0.0321147,0.032036,0.0319638,0.0318977,0.0318374,0.0317827,0.031733,0.0316882,0.0316479,0.0316118,0.0315795,0.0315508,0.0315253,0.0315029,0.0314832,0.0314661,0.0314513,0.0314386,0.0314278,0.0314188,0.0314114,0.0314054,0.0314008,0.0313974,0.0313952,0.0313941,0.031394,0.0313948,0.0313966,0.0313994,0.031403,0.0314076,0.0314131,0.0314196,0.0314271,0.0314356,0.0314453,0.0314562,0.0314684,0.031482,0.0314971,0.0315138,0.0315324,0.031553,0.0315757,0.0316008,0.0316284,0.0316588,0.0316922,0.0317289,0.0317692,0.0318133,0.0318616,0.0319143,0.0319718,0.0320343,0.0321023,0.0321761,0.0322559,0.0323421,0.0324351,0.0325351,0.0326425,0.0327575,0.0328804,0.0330115,0.0331491,0.0335266,0.0169809,0,
0,0.0336681,0.033508,0.0333576,0.0332161,0.0330835,0.0329596,0.0328442,0.032737,0.0326379,0.0325464,0.0324624,0.0323855,0.0323152,0.0322514,0.0321935,0.0321413,0.0320943,0.0320523,0.0320148,0.0319815,0.031952,0.0319261,0.0319034,0.0318837,0.0318666,0.031852,0.0318395,0.0318291,0.0318204,0.0318133,0.0318077,0.0318033,0.0318002,0.0317981,0.031797,0.0317968,0.0317975,0.031799,0.0318012,0.0318042,0.0318079,0.0318123,0.0318175,0.0318236,0.0318304,0.0318381,0.0318468,0.0318565,0.0318673,0.0318794,0.0318928,0.0319077,0.0319243,0.0319427,0.0319631,0.0319857,0.0320108,0.0320385,0.0320692,0.0321031,0.0321404,0.0321816,0.0322269,0.0322767,0.0323312,0.032391,0.0324562,0.0325273,0.0326047,0.0326888,0.0327798,0.0328781,0.0329841,0.0330982,0.0332205,0.0333514,0.0334893,0.0338716,0.0171545,0,
0,0.0340105,0.0338477,0.0336953,0.0335525,0.033419,0.0332947,0.0331794,0.0330729,0.0329747,0.0328847,0.0328025,0.0327276,0.0326597,0.0325985,0.0325434,0.0324941,0.0324502,0.0324112,0.0323769,0.0323467,0.0323204,0.0322976,0.032278,0.0322612,0.032247,0.0322351,0.0322252,0.0322172,0.0322107,0.0322058,0.0322021,0.0321995,0.0321979,0.0321972,0.0321973,0.0321981,0.0321996,0.0322017,0.0322044,0.0322076,0.0322114,0.0322157,0.0322206,0.0322261,0.0322322,0.032239,0.0322466,0.032255,0.0322644,0.0322748,0.0322864,0.0322994,0.0323138,0.0323298,0.0323477,0.0323677,0.0323899,0.0324148,0.0324424,0.0324731,0.0325073,0.0325452,0.0325872,0.0326336,0.0326849,0.0327414,0.0328036,0.0328717,0.0329463,0.0330278,0.0331165,0.0332128,0.0333171,0.0334299,0.0335513,0.0336818,0.0338198,0.0342066,0.0173231,0,
0,0.0343425,0.0341772,0.0340229,0.0338787,0.0337446,0.0336202,0.0335053,0.0333996,0.0333029,0.0332146,0.0331345,0.0330621,0.032997,0.0329387,0.0328868,0.0328409,0.0328004,0.0327649,0.0327341,0.0327075,0.0326847,0.0326653,0.0326491,0.0326355,0.0326244,0.0326155,0.0326084,0.032603,0.0325991,0.0325963,0.0325947,0.032594,0.0325941,0.0325949,0.0325963,0.0325982,0.0326005,0.0326033,0.0326064,0.0326099,0.0326137,0.0326179,0.0326224,0.0326273,0.0326327,0.0326385,0.032645,0.032652,0.0326598,0.0326685,0.0326781,0.0326889,0.0327009,0.0327145,0.0327296,0.0327467,0.0327659,0.0327875,0.0328118,0.0328391,0.0328697,0.032904,0.0329424,0.0329851,0.0330328,0.0330857,0.0331443,0.0332091,0.0332805,0.0333589,0.0334449,0.0335388,0.0336411,0.0337522,0.0338725,0.0340023,0.03414,0.0345313,0.0174863,0,
0,0.0346635,0.0344957,0.0343396,0.0341943,0.0340597,0.0339354,0.0338213,0.0337169,0.0336218,0.0335358,0.0334582,0.0333888,0.0333269,0.033272,0.0332238,0.0331816,0.033145,0.0331135,0.0330866,0.0330639,0.033045,0.0330294,0.0330168,0.0330068,0.0329991,0.0329934,0.0329893,0.0329868,0.0329855,0.0329852,0.0329858,0.0329871,0.032989,0.0329914,0.0329941,0.0329971,0.0330004,0.0330038,0.0330074,0.0330112,0.033015,0.033019,0.0330232,0.0330275,0.033032,0.0330369,0.033042,0.0330476,0.0330538,0.0330605,0.0330681,0.0330765,0.033086,0.0330968,0.0331091,0.033123,0.0331389,0.033157,0.0331777,0.0332012,0.0332279,0.0332582,0.0332925,0.0333312,0.0333747,0.0334236,0.0334783,0.0335392,0.0336069,0.0336819,0.0337647,0.0338558,0.0339556,0.0340646,0.0341834,0.0343122,0.0344494,0.0348448,0.0176438,0,
0,0.0349727,0.0348024,0.0346447,0.0344986,0.0343637,0.0342399,0.0341268,0.034024,0.0339312,0.0338478,0.0337733,0.0337072,0.033649,0.0335981,0.033554,0.0335161,0.0334838,0.0334567,0.0334342,0.0334159,0.0334013,0.0333899,0.0333813,0.0333752,0.0333712,0.0333689,0.0333682,0.0333687,0.0333703,0.0333726,0.0333756,0.033379,0.0333828,0.0333869,0.033391,0.0333952,0.0333994,0.0334036,0.0334077,0.0334117,0.0334156,0.0334194,0.0334231,0.0334268,0.0334305,0.0334342,0.0334381,0.0334421,0.0334465,0.0334512,0.0334565,0.0334624,0.0334692,0.0334771,0.0334862,0.0334967,0.033509,0.0335234,0.0335401,0.0335595,0.0335819,0.0336078,0.0336376,0.0336718,0.0337108,0.0337551,0.0338053,0.0338619,0.0339254,0.0339965,0.0340756,0.0341633,0.0342602,0.0343668,0.0344835,0.0346109,0.0347473,0.0351466,0.0177953,0,
0,0.0352694,0.0350968,0.0349376,0.0347908,0.034656,0.034533,0.0344213,0.0343207,0.0342304,0.0341502,0.0340792,0.0340171,0.0339632,0.0339168,0.0338774,0.0338443,0.0338169,0.0337947,0.0337772,0.0337636,0.0337537,0.0337469,0.0337427,0.0337408,0.0337408,0.0337424,0.0337452,0.033749,0.0337536,0.0337587,0.0337642,0.03377,0.0337758,0.0337816,0.0337872,0.0337927,0.0337979,0.0338028,0.0338074,0.0338117,0.0338156,0.0338192,0.0338225,0.0338255,0.0338283,0.0338308,0.0338333,0.0338356,0.0338381,0.0338407,0.0338436,0.0338469,0.0338508,0.0338555,0.0338611,0.0338681,0.0338765,0.0338868,0.0338991,0.033914,0.0339318,0.0339529,0.0339778,0.0340069,0.0340409,0.0340801,0.0341253,0.034177,0.0342358,0.0343023,0.0343772,0.0344611,0.0345545,0.0346581,0.0347724,0.0348979,0.0350331,0.035436,0.0179404,0,
0,0.0355527,0.0353779,0.0352174,0.0350702,0.0349358,0.034814,0.0347042,0.0346061,0.0345191,0.0344425,0.0343758,0.0343182,0.0342692,0.0342279,0.0341938,0.0341661,0.0341442,0.0341275,0.0341154,0.0341072,0.0341024,0.0341006,0.0341012,0.0341039,0.0341083,0.0341139,0.0341206,0.0341279,0.0341357,0.0341438,0.034152,0.0341602,0.0341681,0.0341757,0.0341829,0.0341897,0.034196,0.0342017,0.0342068,0.0342114,0.0342153,0.0342187,0.0342215,0.0342238,0.0342255,0.0342269,0.0342278,0.0342285,0.0342289,0.0342292,0.0342296,0.0342301,0.0342309,0.0342322,0.0342342,0.0342373,0.0342415,0.0342474,0.0342551,0.0342651,0.0342778,0.0342936,0.034313,0.0343366,0.034365,0.0343986,0.0344382,0.0344844,0.0345378,0.0345992,0.0346692,0.0347486,0.034838,0.034938,0.0350493,0.0351725,0.035306,0.0357122,0.0180786,0,
0,0.0358218,0.0356449,0.0354833,0.0353359,0.0352023,0.0350822,0.0349749,0.0348799,0.0347966,0.0347244,0.0346625,0.0346102,0.0345667,0.0345313,0.0345031,0.0344815,0.0344658,0.0344551,0.034449,0.0344466,0.0344476,0.0344512,0.0344571,0.0344648,0.0344738,0.0344838,0.0344945,0.0345057,0.034517,0.0345282,0.0345392,0.0345499,0.0345601,0.0345696,0.0345785,0.0345866,0.0345939,0.0346005,0.0346061,0.034611,0.0346149,0.0346181,0.0346204,0.0346219,0.0346226,0.0346227,0.0346221,0.0346209,0.0346192,0.0346171,0.0346148,0.0346123,0.0346098,0.0346076,0.0346057,0.0346046,0.0346044,0.0346054,0.0346081,0.0346128,0.0346199,0.03463,0.0346435,0.034661,0.0346831,0.0347105,0.0347439,0.0347839,0.0348313,0.0348868,0.0349513,0.0350255,0.0351101,0.0352059,0.0353136,0.035434,0.0355653,0.0359743,0.0182096,0,
0,0.0360755,0.0358967,0.0357343,0.0355872,0.0354548,0.0353367,0.0352324,0.0351413,0.0350625,0.0349954,0.0349391,0.0348927,0.0348556,0.0348267,0.0348053,0.0347905,0.0347815,0.0347776,0.0347781,0.0347822,0.0347894,0.034799,0.0348105,0.0348236,0.0348376,0.0348524,0.0348675,0.0348826,0.0348976,0.0349121,0.0349262,0.0349395,0.0349519,0.0349635,0.0349741,0.0349836,0.0349921,0.0349994,0.0350056,0.0350107,0.0350147,0.0350176,0.0350193,0.03502,0.0350197,0.0350184,0.0350162,0.0350131,0.0350092,0.0350046,0.0349994,0.0349938,0.0349879,0.0349819,0.0349759,0.0349703,0.0349653,0.0349613,0.0349585,0.0349575,0.0349586,0.0349623,0.0349693,0.0349801,0.0349954,0.0350159,0.0350423,0.0350753,0.0351159,0.0351648,0.035223,0.0352912,0.0353703,0.0354612,0.0355647,0.0356815,0.0358101,0.0362214,0.0183329,0,
0,0.0363128,0.0361322,0.0359694,0.0358229,0.0356922,0.0355769,0.0354762,0.0353896,0.035316,0.0352548,0.0352049,0.0351655,0.0351355,0.0351141,0.0351002,0.035093,0.0350916,0.0350952,0.0351029,0.0351141,0.035128,0.0351442,0.0351619,0.0351807,0.0352002,0.0352199,0.0352397,0.0352591,0.0352779,0.035296,0.0353131,0.0353292,0.0353441,0.0353577,0.03537,0.035381,0.0353906,0.0353988,0.0354056,0.0354109,0.0354149,0.0354175,0.0354187,0.0354186,0.0354171,0.0354144,0.0354105,0.0354054,0.0353992,0.035392,0.0353839,0.035375,0.0353654,0.0353554,0.0353451,0.0353347,0.0353246,0.0353151,0.0353065,0.0352993,0.0352939,0.0352908,0.0352907,0.0352942,0.0353019,0.0353147,0.0353333,0.0353586,0.0353916,0.035433,0.035484,0.0355453,0.0356181,0.0357033,0.0358017,0.0359143,0.0360395,0.0364525,0.0184479,0,
0,0.0365325,0.0363504,0.0361874,0.0360419,0.0359135,0.0358016,0.0357054,0.035624,0.0355566,0.0355022,0.0354597,0.0354281,0.0354063,0.0353932,0.0353878,0.0353891,0.0353961,0.0354079,0.0354237,0.0354426,0.0354639,0.0354871,0.0355114,0.0355365,0.0355617,0.0355869,0.0356115,0.0356354,0.0356583,0.03568,0.0357004,0.0357194,0.0357367,0.0357525,0.0357667,0.0357791,0.0357898,0.0357989,0.0358062,0.0358118,0.0358158,0.0358181,0.0358187,0.0358177,0.0358151,0.035811,0.0358053,0.0357981,0.0357895,0.0357796,0.0357684,0.0357561,0.0357427,0.0357285,0.0357136,0.0356983,0.0356828,0.0356674,0.0356526,0.0356387,0.0356262,0.0356157,0.0356078,0.0356033,0.0356027,0.035607,0.035617,0.0356337,0.035658,0.0356911,0.0357338,0.0357874,0.0358529,0.0359314,0.0360239,0.0361314,0.0362525,0.0366666,0.0185541,0,
0,0.0367333,0.0365498,0.036387,0.0362431,0.0361177,0.0360099,0.0359189,0.0358438,0.0357836,0.035737,0.035703,0.0356803,0.0356677,0.035664,0.0356681,0.0356788,0.0356951,0.035716,0.0357406,0.035768,0.0357974,0.0358281,0.0358596,0.0358913,0.0359228,0.0359536,0.0359835,0.0360121,0.0360392,0.0360647,0.0360885,0.0361104,0.0361303,0.0361483,0.0361642,0.0361782,0.0361901,0.0362,0.0362078,0.0362137,0.0362176,0.0362196,0.0362196,0.0362177,0.0362139,0.0362083,0.0362008,0.0361916,0.0361805,0.0361678,0.0361534,0.0361375,0.0361202,0.0361016,0.0360819,0.0360613,0.03604,0.0360185,0.035997,0.0359759,0.0359559,0.0359374,0.0359211,0.0359077,0.035898,0.0358929,0.0358934,0.0359005,0.0359152,0.0359387,0.0359722,0.0360169,0.0360741,0.0361448,0.0362304,0.0363319,0.0364479,0.0368624,0.0186509,0,
0,0.0369135,0.036729,0.0365669,0.0364252,0.0363034,0.0362006,0.0361159,0.0360482,0.0359962,0.0359586,0.0359343,0.0359217,0.0359195,0.0359264,0.0359411,0.0359623,0.035989,0.0360199,0.0360541,0.0360907,0.0361288,0.0361678,0.0362069,0.0362458,0.0362838,0.0363206,0.0363559,0.0363895,0.0364211,0.0364505,0.0364777,0.0365026,0.0365252,0.0365454,0.0365631,0.0365786,0.0365916,0.0366023,0.0366107,0.0366168,0.0366207,0.0366223,0.0366217,0.0366189,0.0366139,0.0366068,0.0365975,0.036586,0.0365725,0.0365569,0.0365393,0.0365197,0.0364983,0.0364751,0.0364504,0.0364242,0.036397,0.0363688,0.0363402,0.0363116,0.0362833,0.0362562,0.0362307,0.0362077,0.0361881,0.0361727,0.0361626,0.0361589,0.0361629,0.0361757,0.0361988,0.0362333,0.0362809,0.0363427,0.0364202,0.0365146,0.0366247,0.0370387,0.0187376,0,
0,0.0370716,0.0368864,0.0367254,0.0365866,0.0364693,0.0363726,0.0362952,0.036236,0.0361936,0.0361665,0.0361531,0.036152,0.0361616,0.0361803,0.0362069,0.0362398,0.0362778,0.0363198,0.0363645,0.0364111,0.0364587,0.0365065,0.0365539,0.0366003,0.0366453,0.0366885,0.0367295,0.0367682,0.0368043,0.0368378,0.0368685,0.0368965,0.0369217,0.0369441,0.0369637,0.0369806,0.0369947,0.0370063,0.0370151,0.0370215,0.0370252,0.0370265,0.0370252,0.0370215,0.0370153,0.0370066,0.0369955,0.0369819,0.0369658,0.0369473,0.0369264,0.036903,0.0368774,0.0368495,0.0368196,0.0367877,0.036754,0.036719,0.0366829,0.0366461,0.0366091,0.0365726,0.0365372,0.0365038,0.0364732,0.0364465,0.0364247,0.0364091,0.036401,0.0364019,0.0364131,0.0364362,0.0364727,0.0365243,0.0365924,0.0366785,0.0367814,0.037194,0.0188135,0,
0,0.0372057,0.0370201,0.0368608,0.0367257,0.0366139,0.0365244,0.0364557,0.0364065,0.0363751,0.0363599,0.0363591,0.036371,0.0363938,0.0364259,0.0364657,0.0365115,0.0365622,0.0366162,0.0366725,0.03673,0.0367877,0.0368451,0.0369012,0.0369557,0.0370079,0.0370577,0.0371047,0.0371486,0.0371895,0.0372271,0.0372614,0.0372924,0.0373202,0.0373448,0.0373662,0.0373845,0.0373998,0.037412,0.0374214,0.0374279,0.0374316,0.0374324,0.0374305,0.0374258,0.0374184,0.0374082,0.0373952,0.0373794,0.0373608,0.0373394,0.0373151,0.0372879,0.037258,0.0372253,0.03719,0.0371521,0.0371119,0.0370695,0.0370255,0.0369801,0.0369338,0.0368872,0.0368412,0.0367964,0.0367539,0.0367146,0.03668,0.0366512,0.0366296,0.036617,0.0366148,0.0366249,0.0366489,0.0366886,0.0367458,0.0368222,0.0369167,0.0373266,0.0188776,0,
0,0.0373136,0.0371281,0.0369712,0.0368407,0.0367356,0.0366545,0.036596,0.0365584,0.0365397,0.0365382,0.0365517,0.0365783,0.0366161,0.0366632,0.0367177,0.0367779,0.0368424,0.0369097,0.0369785,0.0370478,0.0371166,0.037184,0.0372495,0.0373124,0.0373724,0.037429,0.0374821,0.0375315,0.0375771,0.0376189,0.0376568,0.0376909,0.0377212,0.037748,0.0377711,0.0377907,0.037807,0.03782,0.0378298,0.0378364,0.0378399,0.0378404,0.0378378,0.0378322,0.0378235,0.0378118,0.037797,0.0377791,0.0377579,0.0377335,0.0377059,0.0376749,0.0376406,0.037603,0.0375622,0.0375181,0.037471,0.0374212,0.0373688,0.0373142,0.037258,0.0372007,0.0371431,0.0370861,0.0370305,0.0369777,0.0369287,0.0368853,0.0368488,0.036821,0.0368037,0.036799,0.0368087,0.0368348,0.0368794,0.0369444,0.0370289,0.037435,0.0189291,0,
0,0.037393,0.037208,0.0370544,0.0369296,0.0368324,0.0367614,0.0367148,0.0366906,0.0366866,0.0367007,0.0367306,0.0367739,0.0368286,0.0368924,0.0369633,0.0370394,0.0371192,0.037201,0.0372835,0.0373655,0.037446,0.0375243,0.0375996,0.0376715,0.0377394,0.0378032,0.0378625,0.0379175,0.0379679,0.0380138,0.0380552,0.0380923,0.0381251,0.0381539,0.0381787,0.0381996,0.0382168,0.0382304,0.0382405,0.0382472,0.0382505,0.0382505,0.0382473,0.0382408,0.0382309,0.0382177,0.0382011,0.0381811,0.0381575,0.0381302,0.0380993,0.0380645,0.0380258,0.0379833,0.0379368,0.0378865,0.0378323,0.0377746,0.0377135,0.0376493,0.0375826,0.0375139,0.0374439,0.0373736,0.0373039,0.037236,0.0371715,0.0371117,0.0370585,0.0370138,0.0369795,0.036958,0.0369513,0.0369618,0.0369918,0.0370436,0.0371164,0.037517,0.018967,0,
0,0.0374412,0.0372573,0.0371078,0.0369899,0.0369023,0.0368431,0.0368104,0.0368018,0.0368148,0.0368468,0.0368953,0.0369576,0.0370312,0.0371138,0.0372029,0.0372967,0.0373933,0.0374909,0.0375882,0.0376839,0.0377771,0.0378668,0.0379525,0.0380336,0.0381098,0.0381809,0.0382467,0.0383072,0.0383623,0.0384123,0.0384572,0.0384971,0.0385324,0.038563,0.0385893,0.0386113,0.0386293,0.0386435,0.0386538,0.0386605,0.0386636,0.0386632,0.0386593,0.0386518,0.0386409,0.0386263,0.038608,0.0385859,0.0385599,0.0385299,0.0384956,0.0384571,0.0384142,0.0383667,0.0383146,0.0382578,0.0381965,0.0381306,0.0380605,0.0379863,0.0379085,0.0378276,0.0377444,0.0376598,0.0375747,0.0374905,0.0374087,0.037331,0.0372592,0.0371954,0.037142,0.0371014,0.037076,0.0370686,0.0370818,0.0371181,0.0371773,0.0375705,0.0189901,0,
0,0.0374551,0.037273,0.0371286,0.0370192,0.0369429,0.0368977,0.0368812,0.0368907,0.0369232,0.0369759,0.0370456,0.0371294,0.0372244,0.0373279,0.0374374,0.0375506,0.0376656,0.0377805,0.0378938,0.0380043,0.0381108,0.0382127,0.0383092,0.0384,0.0384847,0.0385632,0.0386354,0.0387014,0.0387612,0.0388151,0.0388633,0.038906,0.0389433,0.0389757,0.0390033,0.0390263,0.039045,0.0390595,0.03907,0.0390766,0.0390795,0.0390786,0.039074,0.0390657,0.0390536,0.0390377,0.0390178,0.0389938,0.0389655,0.0389329,0.0388955,0.0388534,0.0388062,0.0387539,0.0386962,0.0386331,0.0385644,0.0384903,0.0384108,0.0383262,0.0382367,0.038143,0.0380457,0.0379457,0.037844,0.037742,0.0376413,0.0375437,0.0374512,0.0373661,0.0372911,0.0372289,0.0371822,0.0371542,0.0371479,0.0371662,0.0372093,0.0375932,0.0189971,0,
0,0.0374312,0.0372516,0.0371137,0.0370144,0.0369516,0.0369228,0.0369253,0.0369558,0.0370109,0.0370872,0.0371811,0.0372892,0.0374083,0.0375353,0.0376675,0.0378022,0.0379374,0.038071,0.0382016,0.0383278,0.0384486,0.0385632,0.038671,0.0387717,0.038865,0.0389509,0.0390295,0.0391009,0.0391653,0.0392229,0.0392741,0.0393192,0.0393585,0.0393923,0.039421,0.0394448,0.0394639,0.0394786,0.0394892,0.0394957,0.0394982,0.0394968,0.0394916,0.0394824,0.0394693,0.0394522,0.0394308,0.0394051,0.0393748,0.0393397,0.0392995,0.0392539,0.0392027,0.0391457,0.0390825,0.039013,0.0389371,0.0388546,0.0387655,0.0386701,0.0385686,0.0384613,0.0383491,0.0382326,0.038113,0.0379916,0.0378702,0.0377506,0.0376351,0.0375262,0.0374268,0.03734,0.0372691,0.0372174,0.0371885,0.037186,0.0372102,0.0375823,0.0189866,0,
0,0.0373654,0.0371892,0.0370593,0.0369721,0.0369253,0.036916,0.0369407,0.0369956,0.0370769,0.0371803,0.0373018,0.0374375,0.0375838,0.0377371,0.0378943,0.0380527,0.0382099,0.0383639,0.0385131,0.038656,0.0387918,0.0389196,0.0390391,0.0391499,0.0392519,0.0393452,0.03943,0.0395066,0.0395752,0.0396363,0.0396902,0.0397374,0.0397783,0.0398133,0.0398427,0.039867,0.0398864,0.0399012,0.0399116,0.0399178,0.0399199,0.039918,0.0399122,0.0399023,0.0398883,0.0398701,0.0398475,0.0398202,0.0397881,0.0397507,0.0397079,0.0396592,0.0396042,0.0395427,0.0394743,0.0393986,0.0393155,0.0392246,0.0391259,0.0390195,0.0389054,0.038784,0.0386559,0.0385219,0.038383,0.0382406,0.0380965,0.0379527,0.0378117,0.0376762,0.0375494,0.0374347,0.037336,0.0372571,0.0372022,0.0371752,0.0371773,0.0375346,0.0189569,0,
0,0.037253,0.0370812,0.0369611,0.0368886,0.0368608,0.0368744,0.0369251,0.0370085,0.0371199,0.0372545,0.0374077,0.0375747,0.0377516,0.0379342,0.0381193,0.0383038,0.038485,0.038661,0.03883,0.0389907,0.0391422,0.0392838,0.0394151,0.0395361,0.0396467,0.0397473,0.039838,0.0399194,0.0399918,0.0400559,0.0401121,0.040161,0.0402031,0.0402389,0.0402688,0.0402932,0.0403126,0.0403272,0.0403373,0.0403431,0.0403448,0.0403424,0.0403359,0.0403253,0.0403106,0.0402915,0.0402678,0.0402393,0.0402056,0.0401664,0.0401213,0.0400698,0.0400115,0.0399459,0.0398725,0.0397909,0.0397008,0.0396016,0.0394933,0.0393757,0.0392487,0.0391127,0.038968,0.0388154,0.0386559,0.0384908,0.038322,0.0381516,0.0379822,0.0378169,0.0376591,0.0375129,0.0373824,0.0372722,0.037187,0.0371317,0.0371077,0.0374469,0.0189062,0,
0,0.0370885,0.0369225,0.0368142,0.0367593,0.0367542,0.0367948,0.036876,0.0369927,0.0371391,0.0373097,0.0374989,0.0377016,0.0379129,0.0381284,0.0383443,0.0385574,0.0387648,0.0389644,0.0391546,0.0393339,0.0395017,0.0396574,0.0398007,0.0399318,0.0400508,0.0401582,0.0402545,0.0403402,0.040416,0.0404826,0.0405405,0.0405906,0.0406334,0.0406695,0.0406994,0.0407236,0.0407427,0.0407568,0.0407665,0.0407717,0.0407728,0.0407699,0.0407628,0.0407517,0.0407363,0.0407166,0.0406921,0.0406627,0.0406278,0.0405872,0.0405402,0.0404864,0.0404252,0.040356,0.0402781,0.040191,0.0400942,0.0399871,0.0398693,0.0397404,0.0396004,0.0394493,0.0392873,0.0391151,0.0389336,0.0387441,0.0385484,0.0383488,0.038148,0.0379494,0.0377568,0.0375747,0.0374079,0.0372616,0.0371413,0.0370528,0.0369982,0.0373151,0.0188323,0,
0,0.0368656,0.0367067,0.0366129,0.0365791,0.036601,0.0366736,0.0367909,0.0369464,0.0371335,0.0373456,0.0375762,0.0378193,0.0380694,0.0383216,0.0385716,0.0388159,0.0390517,0.0392767,0.0394892,0.039688,0.0398726,0.0400425,0.0401978,0.0403387,0.0404657,0.0405794,0.0406806,0.04077,0.0408485,0.0409169,0.0409759,0.0410265,0.0410694,0.0411053,0.0411347,0.0411584,0.0411767,0.0411901,0.041199,0.0412036,0.041204,0.0412005,0.041193,0.0411814,0.0411656,0.0411454,0.0411205,0.0410905,0.041055,0.0410134,0.0409651,0.0409095,0.040846,0.0407737,0.040692,0.0406,0.0404971,0.0403824,0.0402554,0.0401156,0.0399625,0.039796,0.0396162,0.0394235,0.0392187,0.039003,0.0387781,0.0385465,0.038311,0.0380752,0.0378435,0.0376206,0.0374122,0.0372242,0.0370632,0.0369358,0.0368451,0.0371348,0.0187329,0,
0,0.0365765,0.0364266,0.0363504,0.036342,0.0363963,0.0365069,0.0366667,0.0368678,0.0371023,0.0373624,0.0376404,0.0379294,0.0382232,0.0385163,0.0388039,0.0390824,0.0393488,0.0396007,0.0398367,0.0400557,0.0402573,0.0404414,0.0406083,0.0407586,0.040893,0.0410123,0.0411176,0.0412099,0.0412902,0.0413595,0.0414189,0.0414693,0.0415115,0.0415465,0.0415749,0.0415975,0.0416147,0.041627,0.0416349,0.0416386,0.0416383,0.0416342,0.0416262,0.0416143,0.0415983,0.041578,0.041553,0.0415229,0.0414872,0.0414452,0.0413963,0.0413397,0.0412746,0.0412001,0.0411153,0.0410191,0.0409108,0.0407892,0.0406536,0.0405031,0.0403371,0.0401552,0.0399572,0.0397433,0.0395139,0.0392703,0.0390141,0.0387475,0.0384737,0.0381965,0.0379206,0.0376515,0.0373954,0.0371593,0.0369508,0.0367777,0.0366445,0.036901,0.0186052,0,
0,0.0362122,0.0360736,0.0360188,0.0360412,0.0361343,0.0362903,0.0365004,0.0367552,0.037045,0.0373606,0.037693,0.0380343,0.0383772,0.0387158,0.0390448,0.0393604,0.0396595,0.03994,0.0402004,0.04044,0.0406587,0.0408567,0.0410347,0.0411936,0.0413344,0.0414584,0.0415667,0.0416608,0.0417418,0.0418111,0.0418699,0.0419191,0.04196,0.0419933,0.0420201,0.0420409,0.0420565,0.0420674,0.0420739,0.0420766,0.0420754,0.0420707,0.0420623,0.0420503,0.0420344,0.0420143,0.0419897,0.04196,0.0419247,0.0418831,0.0418343,0.0417775,0.0417117,0.0416359,0.0415489,0.0414496,0.0413368,0.0412092,0.0410658,0.0409053,0.0407269,0.0405298,0.0403135,0.0400777,0.0398229,0.0395497,0.0392598,0.0389553,0.0386393,0.0383161,0.0379905,0.0376688,0.037358,0.0370663,0.0368023,0.0365755,0.0363917,0.036608,0.018446,0,
0,0.0357619,0.0356372,0.0356087,0.0356684,0.0358082,0.0360186,0.0362886,0.0366067,0.0369614,0.0373414,0.0377363,0.0381369,0.0385351,0.0389242,0.0392986,0.0396543,0.0399883,0.0402986,0.0405841,0.0408444,0.0410799,0.0412911,0.0414793,0.0416457,0.0417917,0.041919,0.0420291,0.0421237,0.0422043,0.0422723,0.0423293,0.0423764,0.0424149,0.0424458,0.0424701,0.0424886,0.042502,0.042511,0.042516,0.0425173,0.0425152,0.0425098,0.0425012,0.0424892,0.0424737,0.0424542,0.0424304,0.0424018,0.0423676,0.042327,0.0422793,0.0422232,0.0421578,0.0420818,0.0419939,0.0418926,0.0417765,0.0416442,0.041494,0.0413246,0.0411347,0.0409229,0.0406884,0.0404306,0.0401494,0.0398452,0.0395194,0.0391739,0.0388118,0.0384373,0.038056,0.0376746,0.037301,0.0369447,0.0366159,0.0363257,0.0360818,0.036249,0.0182516,0,
0,0.0352126,0.0351051,0.0351089,0.035214,0.0354106,0.0356864,0.0360279,0.0364211,0.0368518,0.0373066,0.0377735,0.0382415,0.0387017,0.0391466,0.0395705,0.0399693,0.0403401,0.0406812,0.0409921,0.0412729,0.0415244,0.0417478,0.0419448,0.0421171,0.0422668,0.0423958,0.0425061,0.0425996,0.0426782,0.0427436,0.0427975,0.0428412,0.0428763,0.0429038,0.0429248,0.0429403,0.042951,0.0429576,0.0429606,0.0429604,0.0429572,0.0429512,0.0429424,0.0429307,0.0429158,0.0428974,0.042875,0.0428481,0.0428158,0.0427772,0.0427315,0.0426773,0.0426135,0.0425387,0.0424512,0.0423494,0.0422316,0.042096,0.0419406,0.0417637,0.0415633,0.0413378,0.0410858,0.0408061,0.0404982,0.0401619,0.0397981,0.0394085,0.0389961,0.038565,0.0381212,0.0376719,0.0372263,0.036795,0.0363901,0.0360249,0.0357093,0.0358166,0.0180177,0,
0,0.0345481,0.0344623,0.0345057,0.0346667,0.0349323,0.0352874,0.0357148,0.0361972,0.0367175,0.0372594,0.0378089,0.0383534,0.038883,0.0393895,0.0398671,0.0403117,0.0407208,0.0410934,0.0414294,0.0417298,0.041996,0.0422299,0.0424339,0.0426102,0.0427615,0.0428902,0.0429987,0.0430893,0.0431642,0.0432254,0.0432747,0.0433138,0.0433442,0.0433672,0.0433841,0.0433958,0.0434031,0.0434068,0.0434074,0.0434054,0.043401,0.0433943,0.0433854,0.0433742,0.0433604,0.0433435,0.0433232,0.0432986,0.0432691,0.0432336,0.043191,0.04314,0.0430792,0.0430071,0.0429217,0.0428212,0.0427036,0.0425665,0.0424078,0.0422251,0.0420161,0.0417784,0.04151,0.0412092,0.0408746,0.0405054,0.040102,0.0396655,0.0391984,0.0387051,0.0381913,0.0376652,0.0371368,0.0366183,0.036124,0.0356696,0.035268,0.0353021,0.0177393,0,
0,0.033749,0.0336901,0.033783,0.0340128,0.0343633,0.0348148,0.0353459,0.0359349,0.0365608,0.0372043,0.0378488,0.03848,0.0390868,0.0396608,0.040196,0.0406888,0.0411373,0.0415413,0.0419016,0.04222,0.0424988,0.042741,0.0429495,0.0431274,0.0432778,0.0434037,0.0435081,0.0435936,0.0436628,0.0437178,0.0437609,0.0437938,0.0438183,0.0438357,0.0438474,0.0438544,0.0438577,0.043858,0.0438558,0.0438517,0.0438459,0.0438386,0.0438298,0.0438193,0.0438068,0.0437921,0.0437744,0.0437531,0.0437273,0.0436959,0.0436578,0.0436114,0.0435553,0.0434875,0.0434062,0.0433091,0.0431938,0.0430577,0.042898,0.042712,0.0424965,0.0422488,0.0419659,0.0416453,0.0412847,0.0408826,0.0404384,0.0399524,0.0394267,0.0388651,0.0382735,0.0376604,0.0370369,0.0364169,0.0358172,0.0352565,0.0347511,0.0346954,0.0174107,0,
0,0.0327908,0.0327658,0.0329206,0.0332363,0.0336917,0.0342614,0.0349183,0.035635,0.0363859,0.0371479,0.0379014,0.0386305,0.039323,0.0399703,0.0405668,0.0411095,0.0415976,0.042032,0.0424147,0.0427486,0.0430374,0.0432847,0.0434945,0.0436708,0.0438173,0.0439376,0.0440352,0.0441131,0.0441742,0.0442211,0.0442561,0.0442812,0.0442983,0.0443088,0.0443143,0.0443157,0.0443142,0.0443105,0.0443051,0.0442986,0.0442913,0.0442833,0.0442746,0.0442651,0.0442545,0.0442424,0.0442281,0.0442109,0.0441899,0.0441639,0.0441316,0.0440914,0.0440417,0.0439804,0.0439054,0.043814,0.0437036,0.0435712,0.0434135,0.0432271,0.0430083,0.0427533,0.0424586,0.0421204,0.0417356,0.0413013,0.0408159,0.0402786,0.0396905,0.0390547,0.0383768,0.0376656,0.036933,0.0361948,0.0354705,0.0347825,0.0341517,0.033985,0.0170249,0,
0,0.0316428,0.031661,0.031894,0.0323177,0.0329038,0.0336195,0.0344297,0.0353002,0.0361994,0.0370996,0.0379782,0.0388173,0.0396041,0.0403301,0.0409907,0.041584,0.0421108,0.0425734,0.0429755,0.0433215,0.0436162,0.0438647,0.044072,0.0442428,0.0443817,0.044493,0.0445807,0.0446482,0.0446987,0.0447351,0.04476,0.0447755,0.0447835,0.0447859,0.0447839,0.0447789,0.0447718,0.0447634,0.0447544,0.0447452,0.0447362,0.0447275,0.0447192,0.044711,0.0447027,0.0446937,0.0446836,0.0446715,0.0446563,0.0446369,0.044612,0.0445798,0.0445385,0.0444859,0.0444196,0.0443367,0.0442343,0.0441088,0.0439565,0.0437734,0.043555,0.0432966,0.0429937,0.0426413,0.042235,0.0417705,0.0412446,0.0406551,0.0400016,0.0392861,0.0385132,0.0376918,0.0368343,0.0359585,0.0350866,0.0342457,0.033462,0.0331578,0.0165741,0,
0,0.0302662,0.0303399,0.0306728,0.0312335,0.0319842,0.0328813,0.0338797,0.0349361,0.0360114,0.0370727,0.038094,0.0390559,0.0399454,0.0407549,0.0414811,0.0421242,0.0426871,0.0431743,0.0435913,0.0439444,0.04424,0.0444847,0.0446845,0.0448452,0.0449724,0.0450708,0.045145,0.0451988,0.0452359,0.0452594,0.0452719,0.0452758,0.0452733,0.045266,0.0452554,0.0452429,0.0452294,0.0452157,0.0452026,0.0451905,0.0451796,0.0451703,0.0451624,0.0451558,0.0451502,0.0451451,0.0451399,0.0451338,0.0451257,0.0451144,0.0450984,0.0450761,0.0450453,0.0450038,0.044949,0.0448777,0.0447867,0.0446719,0.0445292,0.0443537,0.0441403,0.0438834,0.0435771,0.0432152,0.0427916,0.0423003,0.0417362,0.0410951,0.0403744,0.0395743,0.0386981,0.0377536,0.0367538,0.0357176,0.0346708,0.0336456,0.0326748,0.0321987,0.0160486,0,
0,0.0286109,0.0287565,0.0292189,0.0299556,0.0309153,0.0320399,0.0332707,0.0345523,0.0358369,0.0370855,0.0382688,0.0393665,0.0403662,0.0412622,0.0420537,0.0427438,0.0433382,0.0438441,0.0442697,0.0446233,0.0449135,0.045148,0.0453345,0.0454799,0.0455903,0.0456714,0.0457281,0.0457648,0.0457854,0.0457932,0.045791,0.0457814,0.0457665,0.0457481,0.0457277,0.0457066,0.0456859,0.0456663,0.0456486,0.0456332,0.0456204,0.0456104,0.0456031,0.0455984,0.045596,0.0455954,0.0455959,0.0455968,0.045597,0.0455952,0.0455899,0.0455793,0.0455614,0.0455337,0.0454934,0.0454372,0.0453613,0.0452615,0.0451331,0.0449705,0.0447678,0.0445183,0.0442147,0.0438495,0.0434147,0.0429021,0.0423041,0.0416138,0.0408261,0.0399382,0.0389511,0.0378707,0.0367093,0.035487,0.0342327,0.0329844,0.0317832,0.0310909,0.0154376,0,
0,0.0266115,0.0268519,0.0274842,0.0284497,0.0296779,0.0310903,0.0326093,0.0341646,0.0356978,0.0371632,0.0385289,0.0397746,0.0408902,0.0418731,0.0427267,0.043458,0.0440765,0.0445929,0.0450185,0.0453643,0.0456408,0.0458578,0.0460241,0.0461478,0.0462359,0.0462947,0.0463297,0.0463454,0.0463462,0.0463354,0.0463161,0.0462909,0.0462618,0.0462308,0.0461993,0.0461687,0.04614,0.0461139,0.0460911,0.0460721,0.0460572,0.0460465,0.0460399,0.0460375,0.0460387,0.0460432,0.0460503,0.0460592,0.0460689,0.0460781,0.0460853,0.0460886,0.0460859,0.0460748,0.0460522,0.0460147,0.0459583,0.0458783,0.0457696,0.0456259,0.0454405,0.0452056,0.0449126,0.0445522,0.0441142,0.0435881,0.0429632,0.0422293,0.0413774,0.0404009,0.039297,0.0380685,0.0367255,0.0352881,0.0337877,0.0322687,0.0307821,0.0298156,0.0147279,0,
0,0.024181,0.0245487,0.0254074,0.0266749,0.0282519,0.0300311,0.0319097,0.0337983,0.0356257,0.0373402,0.0389084,0.0403122,0.0415459,0.0426124,0.0435207,0.0442835,0.0449152,0.0454309,0.0458454,0.0461728,0.0464259,0.0466164,0.0467546,0.0468495,0.0469091,0.0469402,0.0469487,0.0469395,0.0469169,0.0468847,0.0468457,0.0468027,0.0467577,0.0467126,0.0466688,0.0466277,0.0465901,0.0465569,0.0465286,0.0465057,0.0464885,0.0464771,0.0464715,0.0464715,0.0464769,0.0464871,0.0465016,0.0465196,0.04654,0.0465616,0.046583,0.0466023,0.0466174,0.0466257,0.0466243,0.0466094,0.046577,0.0465222,0.0464392,0.0463213,0.0461609,0.0459493,0.0456763,0.0453308,0.0449004,0.0443715,0.0437301,0.0429617,0.0420524,0.0409904,0.0397672,0.0383804,0.036836,0.0351517,0.0333603,0.0315125,0.0296705,0.028353,0.0139047,0,
0,0.0212023,0.0217437,0.0229099,0.024582,0.0266179,0.0288689,0.0311981,0.033492,0.0356657,0.0376628,0.0394514,0.041019,0.0423676,0.0435085,0.0444587,0.0452383,0.0458679,0.0463679,0.0467573,0.0470534,0.0472715,0.0474252,0.0475262,0.0475845,0.0476089,0.0476065,0.0475835,0.0475451,0.0474957,0.047439,0.0473778,0.0473149,0.0472522,0.0471915,0.0471343,0.0470816,0.0470345,0.0469935,0.0469594,0.0469324,0.0469128,0.0469007,0.0468962,0.046899,0.0469089,0.0469255,0.0469481,0.0469761,0.0470084,0.047044,0.0470813,0.0471187,0.047154,0.0471848,0.047208,0.0472199,0.0472164,0.0471923,0.0471416,0.0470572,0.0469306,0.0467522,0.0465104,0.0461923,0.045783,0.0452658,0.0446224,0.0438334,0.042879,0.0417401,0.0404005,0.0388496,0.0370858,0.0351217,0.0329883,0.030741,0.0284545,0.0266836,0.012951,0,
0,0.0175135,0.0182977,0.01989,0.0221136,0.0247612,0.0276239,0.0305189,0.0333039,0.0358811,0.0381928,0.040214,0.0419433,0.0433951,0.044593,0.0455651,0.0463405,0.0469478,0.0474131,0.04776,0.0480094,0.048179,0.0482842,0.0483381,0.0483513,0.0483332,0.0482912,0.0482317,0.0481599,0.0480801,0.0479959,0.0479101,0.0478252,0.0477432,0.0476656,0.0475938,0.0475287,0.0474713,0.0474221,0.0473817,0.0473503,0.0473282,0.0473155,0.0473122,0.0473181,0.0473329,0.0473563,0.0473878,0.0474267,0.0474721,0.047523,0.047578,0.0476355,0.0476935,0.0477496,0.047801,0.0478439,0.0478743,0.0478869,0.0478756,0.0478329,0.0477499,0.0476159,0.0474184,0.0471426,0.0467711,0.0462838,0.045658,0.0448686,0.0438882,0.0426889,0.0412438,0.0395305,0.0375353,0.0352599,0.0327287,0.0299978,0.0271536,0.0247913,0.0118485,0,
0,0.0128864,0.0140188,0.0162155,0.0192051,0.0226788,0.0263401,0.0299456,0.033321,0.0363596,0.0390111,0.0412661,0.0431426,0.0446738,0.0459004,0.0468649,0.0476078,0.0481663,0.0485734,0.0488572,0.049042,0.049148,0.0491919,0.0491878,0.049147,0.0490789,0.0489912,0.0488901,0.0487806,0.048667,0.0485524,0.0484397,0.048331,0.0482281,0.0481324,0.048045,0.0479668,0.0478985,0.0478406,0.0477936,0.0477576,0.047733,0.0477196,0.0477176,0.0477268,0.047747,0.0477778,0.0478188,0.0478694,0.0479289,0.0479963,0.0480705,0.04815,0.048233,0.0483173,0.0484002,0.0484784,0.0485477,0.0486031,0.0486385,0.0486462,0.0486172,0.0485403,0.0484019,0.0481856,0.0478718,0.0474372,0.0468544,0.0460918,0.0451137,0.0438811,0.0423532,0.0404913,0.0382633,0.0356521,0.0326665,0.0293551,0.0258109,0.0226703,0.0105795,0,
0,0.00699009,0.00863721,0.0117138,0.0157898,0.020394,0.0251029,0.0295964,0.0336701,0.0372212,0.0402218,0.0426928,0.0446828,0.0462527,0.0474657,0.0483819,0.0490551,0.0495322,0.0498528,0.0500496,0.0501498,0.0501755,0.0501445,0.0500712,0.0499671,0.0498416,0.0497021,0.0495544,0.0494034,0.0492526,0.0491052,0.0489635,0.0488293,0.0487042,0.0485893,0.0484854,0.0483934,0.0483138,0.0482469,0.048193,0.0481523,0.048125,0.0481111,0.0481105,0.0481232,0.048149,0.0481875,0.0482386,0.0483016,0.0483761,0.0484612,0.0485559,0.0486591,0.0487692,0.0488844,0.0490021,0.0491194,0.0492324,0.0493366,0.049426,0.0494933,0.0495293,0.0495228,0.0494595,0.0493222,0.0490893,0.0487346,0.0482264,0.0475264,0.0465896,0.0453643,0.0437929,0.0418147,0.0393711,0.0364151,0.0329258,0.0289289,0.0245106,0.0203385,0.00913146,0,
0,-0.000669923,0.001765,0.0061624,0.0118134,0.0179837,0.0240674,0.0296566,0.0345336,0.0386259,0.0419549,0.0445935,0.0466364,0.0481819,0.0493214,0.0501357,0.0506929,0.0510493,0.0512507,0.0513338,0.0513278,0.0512556,0.0511355,0.0509817,0.0508055,0.0506154,0.0504184,0.0502196,0.0500234,0.0498327,0.0496502,0.0494777,0.0493167,0.0491683,0.0490334,0.0489125,0.0488062,0.0487149,0.0486387,0.0485778,0.0485323,0.0485023,0.0484878,0.0484888,0.0485051,0.0485367,0.0485834,0.0486449,0.0487209,0.048811,0.0489146,0.049031,0.0491594,0.0492984,0.0494466,0.0496019,0.0497619,0.0499233,0.0500819,0.0502324,0.0503681,0.0504802,0.0505578,0.0505869,0.0505496,0.0504236,0.0501803,0.0497845,0.0491917,0.0483479,0.0471874,0.045633,0.0435968,0.0409844,0.0377044,0.0336849,0.0289022,0.0234071,0.0178646,0.00750846,0,
0,-0.0108604,-0.00716861,-0.000718996,0.00726914,0.0156286,0.023504,0.0304112,0.0361664,0.0407801,0.0443659,0.0470784,0.0490769,0.0505071,0.0514934,0.0521382,0.0525237,0.0527143,0.0527606,0.0527014,0.0525665,0.0523788,0.0521558,0.0519108,0.0516539,0.0513928,0.0511332,0.0508796,0.0506352,0.0504024,0.050183,0.0499785,0.0497896,0.0496172,0.0494617,0.0493234,0.0492026,0.0490993,0.0490137,0.0489457,0.0488954,0.0488628,0.0488477,0.0488503,0.0488704,0.048908,0.0489629,0.0490351,0.0491244,0.0492306,0.0493534,0.0494923,0.0496469,0.0498162,0.0499992,0.0501946,0.0504003,0.0506139,0.0508319,0.05105,0.0512623,0.0514612,0.0516365,0.0517751,0.0518599,0.0518685,0.0517716,0.0515316,0.0510998,0.0504137,0.0493947,0.0479444,0.0459436,0.0432531,0.0397196,0.0351923,0.0295562,0.0227727,0.0154204,0.0057562,0,
0,-0.0248231,-0.0190245,-0.00925653,0.00228054,0.0137075,0.0238696,0.032285,0.0389127,0.0439379,0.0476289,0.0502586,0.0520694,0.0532616,0.0539939,0.0543887,0.054539,0.0545148,0.054368,0.0541374,0.0538515,0.0535316,0.053193,0.0528472,0.0525025,0.0521649,0.0518388,0.0515273,0.0512325,0.050956,0.0506987,0.0504613,0.0502441,0.0500474,0.0498711,0.0497153,0.0495798,0.0494646,0.0493696,0.0492946,0.0492394,0.0492042,0.0491887,0.0491929,0.0492168,0.0492604,0.0493237,0.0494067,0.0495094,0.049632,0.0497742,0.0499361,0.0501174,0.0503179,0.050537,0.050774,0.0510277,0.0512965,0.0515781,0.0518693,0.0521654,0.0524605,0.0527461,0.0530108,0.0532393,0.0534107,0.0534969,0.0534604,0.0532504,0.0527995,0.0520183,0.0507894,0.0489612,0.0463429,0.0427033,0.0377796,0.0313076,0.0230692,0.0133823,0.00401765,0,
0,-0.0446771,-0.0351303,-0.0197458,-0.00271267,0.0129634,0.0259083,0.0358843,0.0432099,0.0483875,0.051918,0.0542285,0.0556559,0.0564552,0.0568139,0.0568682,0.0567157,0.0564262,0.0560492,0.05562,0.0551632,0.0546963,0.0542316,0.0537773,0.0533394,0.0529215,0.0525262,0.052155,0.0518087,0.0514877,0.0511921,0.0509217,0.0506761,0.0504551,0.0502582,0.050085,0.0499351,0.0498082,0.049704,0.049622,0.0495623,0.0495244,0.0495085,0.0495143,0.049542,0.0495916,0.0496631,0.0497569,0.049873,0.0500117,0.0501734,0.0503582,0.0505665,0.0507984,0.0510542,0.0513337,0.0516367,0.0519627,0.0523106,0.0526787,0.0530643,0.0534633,0.0538697,0.054275,0.0546668,0.0550277,0.0553333,0.0555488,0.0556261,0.0554972,0.055068,0.0542081,0.0527384,0.0504172,0.046926,0.0418603,0.0347401,0.0250416,0.0125151,0.00265066,0,
0,-0.0742815,-0.0575601,-0.0321635,-0.00654491,0.0147775,0.0307683,0.0420157,0.0495633,0.0544131,0.0573714,0.0590367,0.0598345,0.0600598,0.0599141,0.0595342,0.0590124,0.0584107,0.0577706,0.0571197,0.056476,0.0558513,0.0552529,0.0546854,0.054151,0.053651,0.0531855,0.0527542,0.0523564,0.0519913,0.0516577,0.0513548,0.0510814,0.0508367,0.0506197,0.0504297,0.0502659,0.0501277,0.0500145,0.0499259,0.0498617,0.0498214,0.0498051,0.0498125,0.0498439,0.0498993,0.0499789,0.050083,0.0502122,0.0503667,0.0505474,0.0507547,0.0509895,0.0512526,0.0515446,0.0518666,0.0522191,0.0526029,0.0530184,0.0534656,0.0539438,0.0544518,0.0549866,0.0555434,0.0561144,0.0566876,0.0572447,0.0577581,0.0581867,0.0584698,0.0585177,0.0581986,0.0573198,0.0556019,0.0526461,0.0478955,0.0406015,0.0298,0.0142732,0.00245807,0,
0,-0.121259,-0.089484,-0.0452088,-0.00647972,0.0215421,0.0400709,0.0516279,0.0584572,0.0622152,0.0640317,0.0646469,0.0645346,0.0639948,0.063216,0.0623159,0.0613676,0.060416,0.0594882,0.0585998,0.0577594,0.056971,0.056236,0.0555537,0.0549228,0.0543411,0.0538063,0.0533161,0.0528682,0.0524601,0.05209,0.0517558,0.0514559,0.0511885,0.0509525,0.0507465,0.0505694,0.0504205,0.0502989,0.0502041,0.0501356,0.0500931,0.0500764,0.0500855,0.0501203,0.0501812,0.0502685,0.0503826,0.0505241,0.0506938,0.0508926,0.0511216,0.0513819,0.0516749,0.0520022,0.0523654,0.0527664,0.0532071,0.0536894,0.0542155,0.054787,0.0554057,0.0560723,0.0567868,0.0575471,0.0583485,0.0591815,0.0600297,0.0608655,0.0616436,0.0622918,0.0626947,0.0626702,0.0619323,0.0600361,0.0563009,0.0497106,0.0387818,0.0211731,0.00505589,0,
0,-0.202304,-0.135024,-0.0532163,0.00323303,0.0369161,0.0557553,0.065585,0.0701669,0.0717815,0.0717663,0.0708906,0.0695915,0.0681148,0.0665971,0.0651126,0.0636996,0.0623763,0.0611489,0.0600176,0.0589789,0.0580276,0.0571578,0.0563636,0.0556391,0.0549789,0.0543779,0.0538318,0.0533364,0.052888,0.0524836,0.0521202,0.0517954,0.051507,0.0512532,0.0510324,0.0508432,0.0506844,0.050555,0.0504545,0.0503821,0.0503376,0.0503206,0.0503311,0.0503692,0.0504353,0.0505296,0.0506529,0.050806,0.0509898,0.0512056,0.0514547,0.0517389,0.0520602,0.0524206,0.0528229,0.0532699,0.0537648,0.0543113,0.0549135,0.0555758,0.0563029,0.0571,0.057972,0.0589239,0.0599596,0.0610809,0.0622862,0.063567,0.0649032,0.0662539,0.0675432,0.068634,0.069284,0.0690727,0.0672819,0.0627196,0.0534051,0.0368557,0.0131449,0,
0,-0.358929,-0.19476,-0.0364431,0.0322358,0.0652593,0.079407,0.0841727,0.0844523,0.0827159,0.0801799,0.0774284,0.0747316,0.0722056,0.0698921,0.067797,0.0659103,0.0642153,0.0626935,0.0613265,0.0600976,0.0589915,0.0579949,0.0570959,0.0562845,0.0555517,0.0548899,0.0542925,0.0537538,0.0532687,0.0528331,0.0524433,0.0520961,0.0517888,0.0515191,0.051285,0.0510848,0.0509171,0.0507809,0.0506752,0.0505994,0.0505531,0.0505358,0.0505477,0.0505888,0.0506595,0.0507603,0.0508919,0.0510554,0.0512519,0.051483,0.0517504,0.0520563,0.0524032,0.0527939,0.0532319,0.053721,0.0542659,0.0548717,0.0555446,0.0562915,0.0571206,0.0580411,0.0590635,0.0602,0.0614639,0.06287,0.0644338,0.0661704,0.0680921,0.0702033,0.0724902,0.0749004,0.0773027,0.0794068,0.0806119,0.0797481,0.0743599,0.0646502,0.0295389,0,
0,-0.743978,-0.268764,0.0704405,0.0882603,0.109621,0.11081,0.106276,0.100142,0.0940511,0.088542,0.0837283,0.079572,0.0759915,0.0729006,0.0702221,0.0678904,0.0658511,0.0640593,0.0624784,0.0610781,0.0598335,0.0587239,0.0577321,0.056844,0.0560474,0.0553323,0.05469,0.0541135,0.0535965,0.0531339,0.0527212,0.0523546,0.0520309,0.0517474,0.0515018,0.0512921,0.0511169,0.0509747,0.0508647,0.0507859,0.050738,0.0507206,0.0507336,0.0507773,0.0508521,0.0509584,0.0510973,0.0512698,0.0514774,0.0517218,0.0520052,0.05233,0.0526992,0.0531164,0.0535856,0.0541117,0.0547005,0.0553587,0.0560941,0.0569162,0.0578361,0.0588671,0.060025,0.0613288,0.0628012,0.0644697,0.0663676,0.0685349,0.0710197,0.073879,0.0771772,0.0809804,0.085336,0.0902168,0.0953734,0.100011,0.101182,0.103923,0.0534114,0,
0,0.743978,0.268764,-0.0704405,-0.0882603,-0.109621,-0.11081,-0.106276,-0.100142,-0.0940511,-0.088542,-0.0837283,-0.079572,-0.0759915,-0.0729006,-0.0702221,-0.0678904,-0.0658511,-0.0640593,-0.0624784,-0.0610781,-0.0598335,-0.0587239,-0.0577321,-0.056844,-0.0560474,-0.0553323,-0.05469,-0.0541135,-0.0535965,-0.0531339,-0.0527212,-0.0523546,-0.0520309,-0.0517474,-0.0515018,-0.0512921,-0.0511169,-0.0509747,-0.0508647,-0.0507859,-0.050738,-0.0507206,-0.0507336,-0.0507773,-0.0508521,-0.0509584,-0.0510973,-0.0512698,-0.0514774,-0.0517218,-0.0520052,-0.05233,-0.0526992,-0.0531164,-0.0535856,-0.0541117,-0.0547005,-0.0553587,-0.0560941,-0.0569162,-0.0578361,-0.0588671,-0.060025,-0.0613288,-0.0628012,-0.0644697,-0.0663676,-0.0685349,-0.0710197,-0.073879,-0.0771772,-0.0809804,-0.085336,-0.0902168,-0.0953734,-0.100011,-0.101182,-0.103923,-0.0534114,0,
