1.99993,1.98953,1.98955,1.98959,1.98963,1.98967,1.98971,1.98975,1.98979,1.98983,1.98987,1.9899,1.98994,1.98997,1.99,1.99003,1.99007,1.99009,1.99012,1.99015,1.99018,1.9902,1.99022,1.99025,1.99027,1.99029,1.9903,1.99032,1.99034,1.99035,1.99037,1.99038,1.99039,1.9904,1.99041,1.99042,1.99042,1.99043,1.99043,1.99044,1.99044,1.99044,1.99044,1.99044,1.99043,1.99043,1.99042,1.99042,1.99041,1.9904,1.99039,1.99038,1.99037,1.99035,1.99034,1.99032,1.9903,1.99028,1.99026,1.99024,1.99022,1.9902,1.99017,1.99015,1.99012,1.99009,1.99006,1.99003,1.99,1.98996,1.98992,1.98989,1.98984,1.9898,1.98974,1.98968,1.98958,1.98939,1.98886,1.99417,1.99994,
0.0204306,-nan,-nan,-nan,-nan,-nan,-nan,-nan,-nan,-nan,-nan,-nan,-nan,-nan,-nan,-nan,-nan,-nan,-nan,-nan,-nan,-nan,-nan,-nan,-nan,-nan,-nan,-nan,-nan,-nan,-nan,-nan,-nan,-nan,-nan,-nan,-nan,-nan,-nan,-nan,-nan,-nan,0.00285175,0.00428463,0.0053943,0.00635283,0.007221,0.00802848,0.0087923,0.00952326,0.0102287,0.0109138,0.0115825,0.0122377,0.0128818,0.0135166,0.0141438,0.0147646,0.0153802,0.0159915,0.0165994,0.0172048,0.0178084,0.0184109,0.0190132,0.0196161,0.0202204,0.0208272,0.0214376,0.0220534,0.0226766,0.0233101,0.0239584,0.0246284,0.0253322,0.0260917,0.0269512,0.0280106,0.0295775,0.028042,0.0228213,
0.0200865,-nan,-nan,-nan,-nan,-nan,-nan,-nan,-nan,-nan,-nan,-nan,-nan,-nan,-nan,-nan,-nan,-nan,-nan,-nan,-nan,-nan,-nan,-nan,-nan,-nan,-nan,-nan,-nan,-nan,-nan,-nan,-nan,-nan,-nan,-nan,-nan,-nan,-nan,-nan,-nan,-nan,0.00281747,0.00423646,0.00533401,0.00628134,0.00713884,0.007936,0.00868975,0.0094108,0.0101064,0.0107819,0.011441,0.0120867,0.0127213,0.0133468,0.0139647,0.0145763,0.0151827,0.0157849,0.0163838,0.0169802,0.0175749,0.0181687,0.0187622,0.0193564,0.019952,0.0205502,0.0211519,0.0217588,0.0223727,0.0229962,0.0236328,0.0242876,0.0249682,0.0256854,0.0264528,0.0272761,0.028138,0.024966,0.0199006,
0.0200009,-nan,-nan,-nan,-nan,-nan,-nan,-nan,-nan,-nan,-nan,-nan,-nan,-nan,-nan,-nan,-nan,-nan,-nan,-nan,-nan,-nan,-nan,-nan,-nan,-nan,-nan,-nan,-nan,-nan,-nan,-nan,-nan,-nan,-nan,-nan,-nan,-nan,-nan,-nan,-nan,-nan,0.00284068,0.00427274,0.00537894,0.0063328,0.00719548,0.00799688,0.00875412,0.0094781,0.0101762,0.0108537,0.0115144,0.0121615,0.0127973,0.0134237,0.0140423,0.0146543,0.0152611,0.0158634,0.0164624,0.0170587,0.0176531,0.0182464,0.0188394,0.0194328,0.0200275,0.0206243,0.0212243,0.0218287,0.022439,0.0230569,0.0236847,0.0243248,0.0249796,0.0256497,0.0263289,0.0269893,0.0275893,0.02438,0.0193216,
0.0199008,-nan,-nan,-nan,-nan,-nan,-nan,-nan,-nan,-nan,-nan,-nan,-nan,-nan,-nan,-nan,-nan,-nan,-nan,-nan,-nan,-nan,-nan,-nan,-nan,-nan,-nan,-nan,-nan,-nan,-nan,-nan,-nan,-nan,-nan,-nan,-nan,-nan,-nan,-nan,-nan,-nan,0.0028613,0.00430608,0.00542054,0.00638057,0.00724813,0.00805345,0.00881391,0.00954053,0.0102408,0.01092,0.0115822,0.0122305,0.0128671,0.0134941,0.0141131,0.0147254,0.0153321,0.0159343,0.0165329,0.0171287,0.0177225,0.0183149,0.0189068,0.0194988,0.0200917,0.0206862,0.0212833,0.0218838,0.0224886,0.0230988,0.0237152,0.0243382,0.0249666,0.0255959,0.0262145,0.0267958,0.0273335,0.0242191,0.0191261,
0.019796,-nan,-nan,-nan,-nan,-nan,-nan,-nan,-nan,-nan,-nan,-nan,-nan,-nan,-nan,-nan,-nan,-nan,-nan,-nan,-nan,-nan,-nan,-nan,-nan,-nan,-nan,-nan,-nan,-nan,-nan,-nan,-nan,-nan,-nan,-nan,-nan,-nan,-nan,-nan,-nan,-nan,0.00288001,0.00433749,0.0054601,0.00642617,0.00729847,0.0081076,0.00887117,0.00960033,0.0103027,0.0109836,0.0116471,0.0122963,0.0129337,0.0135612,0.0141804,0.0147928,0.0153993,0.0160012,0.0165992,0.0171942,0.017787,0.0183782,0.0189686,0.0195587,0.0201493,0.020741,0.0213344,0.0219301,0.0225287,0.0231305,0.0237353,0.0243423,0.0249489,0.0255495,0.0261338,0.0266849,0.0272231,0.0241608,0.0190088,
0.0196883,-nan,-nan,-nan,-nan,-nan,-nan,-nan,-nan,-nan,-nan,-nan,-nan,-nan,-nan,-nan,-nan,-nan,-nan,-nan,-nan,-nan,-nan,-nan,-nan,-nan,-nan,-nan,-nan,-nan,-nan,-nan,-nan,-nan,-nan,-nan,-nan,-nan,-nan,-nan,-nan,-nan,0.00289683,0.00436699,0.00549763,0.00646963,0.00734654,0.00815938,0.00892595,0.00965753,0.0103618,0.0110443,0.011709,0.0123592,0.0129972,0.013625,0.0142444,0.0148566,0.0154628,0.0160641,0.0166614,0.0172554,0.0178469,0.0184366,0.0190251,0.0196131,0.020201,0.0207893,0.0213787,0.0219693,0.0225615,0.0231551,0.0237494,0.0243432,0.0249336,0.025516,0.0260833,0.0266262,0.027179,0.0241289,0.018905,
0.0195783,-nan,-nan,-nan,-nan,-nan,-nan,-nan,-nan,-nan,-nan,-nan,-nan,-nan,-nan,-nan,-nan,-nan,-nan,-nan,-nan,-nan,-nan,-nan,-nan,-nan,-nan,-nan,-nan,-nan,-nan,-nan,-nan,-nan,-nan,-nan,-nan,-nan,-nan,-nan,-nan,-nan,0.00291175,0.00439462,0.00553318,0.00651098,0.00739241,0.00820884,0.0089783,0.00971221,0.0104184,0.0111023,0.0117681,0.012419,0.0130575,0.0136856,0.0143049,0.0149169,0.0155226,0.0161232,0.0167195,0.0173124,0.0179024,0.0184904,0.0190768,0.0196622,0.0202472,0.020832,0.0214171,0.0220027,0.0225887,0.0231748,0.0237604,0.0243438,0.024923,0.0254945,0.0260541,0.0265972,0.0271645,0.0241023,0.0187996,
0.0194661,-nan,-nan,-nan,-nan,-nan,-nan,-nan,-nan,-nan,-nan,-nan,-nan,-nan,-nan,-nan,-nan,-nan,-nan,-nan,-nan,-nan,-nan,-nan,-nan,-nan,-nan,-nan,-nan,-nan,-nan,-nan,-nan,-nan,-nan,-nan,-nan,-nan,-nan,-nan,-nan,-nan,0.00292479,0.0044204,0.00556679,0.0065503,0.00743612,0.00825604,0.00902829,0.00976443,0.0104723,0.0111576,0.0118244,0.012476,0.0131149,0.0137431,0.0143623,0.0149738,0.015579,0.0161787,0.0167739,0.0173653,0.0179537,0.0185397,0.0191239,0.0197067,0.0202885,0.0208698,0.0214507,0.0220314,0.0226117,0.0231914,0.0237696,0.0243453,0.0249167,0.0254817,0.0260381,0.0265838,0.0271624,0.0240744,0.0186896,
0.0193518,-nan,-nan,-nan,-nan,-nan,-nan,-nan,-nan,-nan,-nan,-nan,-nan,-nan,-nan,-nan,-nan,-nan,-nan,-nan,-nan,-nan,-nan,-nan,-nan,-nan,-nan,-nan,-nan,-nan,-nan,-nan,-nan,-nan,-nan,-nan,-nan,-nan,-nan,-nan,-nan,-nan,0.00293596,0.00444438,0.00559853,0.00658763,0.00747776,0.00830107,0.00907601,0.00981429,0.0105238,0.0112104,0.0118781,0.0125303,0.0131694,0.0137976,0.0144165,0.0150276,0.0156319,0.0162306,0.0168245,0.0174145,0.0180011,0.018585,0.0191667,0.0197468,0.0203255,0.0209032,0.02148,0.0220561,0.0226314,0.0232054,0.0237777,0.0243474,0.0249134,0.0254745,0.0260296,0.026578,0.0271644,0.024043,0.0185745,
0.0192354,-nan,-nan,-nan,-nan,-nan,-nan,-nan,-nan,-nan,-nan,-nan,-nan,-nan,-nan,-nan,-nan,-nan,-nan,-nan,-nan,-nan,-nan,-nan,-nan,-nan,-nan,-nan,-nan,-nan,-nan,-nan,-nan,-nan,-nan,-nan,-nan,-nan,-nan,-nan,-nan,-nan,0.00294531,0.00446661,0.00562844,0.00662305,0.00751738,0.00834399,0.00912154,0.00986186,0.010573,0.0112607,0.0119292,0.0125819,0.0132212,0.0138493,0.0144678,0.0150782,0.0156817,0.0162793,0.0168718,0.0174601,0.0180448,0.0186265,0.0192057,0.0197829,0.0203585,0.0209327,0.0215056,0.0220775,0.0226481,0.0232173,0.0237847,0.0243497,0.0249118,0.0254702,0.0260246,0.0265749,0.0271664,0.0240076,0.0184551,
0.0191169,-nan,-nan,-nan,-nan,-nan,-nan,-nan,-nan,-nan,-nan,-nan,-nan,-nan,-nan,-nan,-nan,-nan,-nan,-nan,-nan,-nan,-nan,-nan,-nan,-nan,-nan,-nan,-nan,-nan,-nan,-nan,-nan,-nan,-nan,-nan,-nan,-nan,-nan,-nan,-nan,-nan,0.00295285,0.00448714,0.00565659,0.00665663,0.00755508,0.0083849,0.00916497,0.00990725,0.0106199,0.0113086,0.0119779,0.0126309,0.0132703,0.0138982,0.0145163,0.0151259,0.0157284,0.0163247,0.0169158,0.0175023,0.018085,0.0186644,0.0192411,0.0198155,0.0203879,0.0209587,0.0215279,0.0220958,0.0226622,0.0232272,0.0237904,0.0243516,0.0249104,0.0254667,0.0260204,0.0265716,0.0271662,0.0239681,0.0183319,
0.0189962,-nan,-nan,-nan,-nan,-nan,-nan,-nan,-nan,-nan,-nan,-nan,-nan,-nan,-nan,-nan,-nan,-nan,-nan,-nan,-nan,-nan,-nan,-nan,-nan,-nan,-nan,-nan,-nan,-nan,-nan,-nan,-nan,-nan,-nan,-nan,-nan,-nan,-nan,-nan,-nan,-nan,0.00295864,0.00450603,0.00568305,0.00668843,0.00759093,0.00842389,0.00920639,0.00995055,0.0106646,0.0113544,0.0120243,0.0126776,0.013317,0.0139446,0.0145621,0.0151709,0.0157723,0.0163673,0.0169567,0.0175414,0.018122,0.0186991,0.0192732,0.0198447,0.020414,0.0209814,0.0215471,0.0221112,0.0226738,0.0232349,0.0237944,0.0243522,0.0249083,0.0254625,0.0260153,0.0265666,0.0271628,0.0239247,0.0182054,
0.0188732,-nan,-nan,-nan,-nan,-nan,-nan,-nan,-nan,-nan,-nan,-nan,-nan,-nan,-nan,-nan,-nan,-nan,-nan,-nan,-nan,-nan,-nan,-nan,-nan,-nan,-nan,-nan,-nan,-nan,-nan,-nan,-nan,-nan,-nan,-nan,-nan,-nan,-nan,-nan,-nan,-nan,0.0029627,0.00452333,0.00570789,0.00671856,0.00762503,0.00846105,0.00924592,0.0099919,0.0107073,0.011398,0.0120684,0.012722,0.0133613,0.0139885,0.0146053,0.0152133,0.0158135,0.016407,0.0169948,0.0175775,0.018156,0.0187307,0.0193021,0.0198708,0.020437,0.0210011,0.0215633,0.0221239,0.0226829,0.0232404,0.0237964,0.0243511,0.0249045,0.0254567,0.026008,0.0265587,0.0271554,0.0238774,0.0180761,
0.0187479,-nan,-nan,-nan,-nan,-nan,-nan,-nan,-nan,-nan,-nan,-nan,-nan,-nan,-nan,-nan,-nan,-nan,-nan,-nan,-nan,-nan,-nan,-nan,-nan,-nan,-nan,-nan,-nan,-nan,-nan,-nan,-nan,-nan,-nan,-nan,-nan,-nan,-nan,-nan,-nan,-nan,0.0029651,0.00453913,0.00573119,0.0067471,0.00765747,0.00849649,0.00928367,0.0100314,0.010748,0.0114396,0.0121105,0.0127642,0.0134034,0.0140302,0.0146463,0.0152532,0.0158521,0.0164442,0.0170302,0.0176109,0.0181871,0.0187594,0.0193281,0.0198939,0.020457,0.0210179,0.0215767,0.0221338,0.0226893,0.0232434,0.0237961,0.0243478,0.0248984,0.0254484,0.025998,0.0265474,0.0271437,0.0238263,0.0179443,
0.0186203,-nan,-nan,-nan,-nan,-nan,-nan,-nan,-nan,-nan,-nan,-nan,-nan,-nan,-nan,-nan,-nan,-nan,-nan,-nan,-nan,-nan,-nan,-nan,-nan,-nan,-nan,-nan,-nan,-nan,-nan,-nan,-nan,-nan,-nan,-nan,-nan,-nan,-nan,-nan,-nan,-nan,0.00296589,0.00455349,0.00575304,0.00677413,0.00768836,0.00853032,0.00931975,0.0100692,0.010787,0.0114794,0.0121508,0.0128045,0.0134435,0.0140697,0.014685,0.0152909,0.0158885,0.0164789,0.0170631,0.0176418,0.0182157,0.0187854,0.0193514,0.0199142,0.0204743,0.0210319,0.0215874,0.022141,0.0226931,0.0232437,0.0237932,0.0243418,0.0248896,0.0254371,0.0259846,0.0265322,0.0271275,0.0237715,0.0178101,
0.0184902,-nan,-nan,-nan,-nan,-nan,-nan,-nan,-nan,-nan,-nan,-nan,-nan,-nan,-nan,-nan,-nan,-nan,-nan,-nan,-nan,-nan,-nan,-nan,-nan,-nan,-nan,-nan,-nan,-nan,-nan,-nan,-nan,-nan,-nan,-nan,-nan,-nan,-nan,-nan,-nan,-nan,0.00296512,0.00456649,0.00577354,0.00679978,0.00771782,0.00856267,0.0093543,0.0101053,0.0108244,0.0115175,0.0121892,0.012843,0.0134817,0.0141073,0.0147218,0.0153264,0.0159226,0.0165114,0.0170937,0.0176702,0.0182418,0.0188089,0.0193721,0.019932,0.0204889,0.0210432,0.0215954,0.0221456,0.0226941,0.0232414,0.0237875,0.0243329,0.0248777,0.0254224,0.0259674,0.0265128,0.0271065,0.0237131,0.0176737,
0.0183576,-nan,-nan,-nan,-nan,-nan,-nan,-nan,-nan,-nan,-nan,-nan,-nan,-nan,-nan,-nan,-nan,-nan,-nan,-nan,-nan,-nan,-nan,-nan,-nan,-nan,-nan,-nan,-nan,-nan,-nan,-nan,-nan,-nan,-nan,-nan,-nan,-nan,-nan,-nan,-nan,-nan,0.00296288,0.00457823,0.00579277,0.00682413,0.00774595,0.00859365,0.00938744,0.0101401,0.0108602,0.011554,0.0122261,0.0128799,0.0135182,0.0141432,0.0147567,0.0153601,0.0159549,0.0165419,0.0171222,0.0176965,0.0182656,0.0188301,0.0193904,0.0199473,0.020501,0.021052,0.0216007,0.0221474,0.0226924,0.0232361,0.0237788,0.0243208,0.0248625,0.0254042,0.0259463,0.026489,0.0270805,0.023651,0.0175351,
0.0182224,-nan,-nan,-nan,-nan,-nan,-nan,-nan,-nan,-nan,-nan,-nan,-nan,-nan,-nan,-nan,-nan,-nan,-nan,-nan,-nan,-nan,-nan,-nan,-nan,-nan,-nan,-nan,-nan,-nan,-nan,-nan,-nan,-nan,-nan,-nan,-nan,-nan,-nan,-nan,-nan,-nan,0.00295923,0.00458879,0.00581085,0.00684732,0.00777288,0.00862341,0.00941933,0.0101735,0.0108947,0.0115892,0.0122615,0.0129153,0.0135532,0.0141774,0.0147899,0.0153921,0.0159853,0.0165705,0.0171487,0.0177208,0.0182873,0.0188491,0.0194065,0.0199602,0.0205107,0.0210583,0.0216034,0.0221465,0.0226879,0.023228,0.023767,0.0243055,0.0248437,0.025382,0.025921,0.0264606,0.0270496,0.0235851,0.0173944,
0.0180847,-nan,-nan,-nan,-nan,-nan,-nan,-nan,-nan,-nan,-nan,-nan,-nan,-nan,-nan,-nan,-nan,-nan,-nan,-nan,-nan,-nan,-nan,-nan,-nan,-nan,-nan,-nan,-nan,-nan,-nan,-nan,-nan,-nan,-nan,-nan,-nan,-nan,-nan,-nan,-nan,-nan,0.00295426,0.00459826,0.00582788,0.00686945,0.00779875,0.00865208,0.0094501,0.0102058,0.0109281,0.0116232,0.0122958,0.0129494,0.0135868,0.0142103,0.0148218,0.0154226,0.0160142,0.0165975,0.0171736,0.0177432,0.0183072,0.0188661,0.0194205,0.019971,0.020518,0.0210621,0.0216036,0.022143,0.0226806,0.0232168,0.0237521,0.0242867,0.0248212,0.0253559,0.0258913,0.0264275,0.0270136,0.0235155,0.0172516,
0.0179442,-nan,-nan,-nan,-nan,-nan,-nan,-nan,-nan,-nan,-nan,-nan,-nan,-nan,-nan,-nan,-nan,-nan,-nan,-nan,-nan,-nan,-nan,-nan,-nan,-nan,-nan,-nan,-nan,-nan,-nan,-nan,-nan,-nan,-nan,-nan,-nan,-nan,-nan,-nan,-nan,-nan,0.00294804,0.00460677,0.00584399,0.00689066,0.00782368,0.00867981,0.00947991,0.0102372,0.0109605,0.0116561,0.0123289,0.0129824,0.0136193,0.014242,0.0148524,0.0154518,0.0160417,0.0166231,0.0171969,0.0177641,0.0183253,0.0188813,0.0194326,0.0199797,0.0205233,0.0210637,0.0216014,0.0221368,0.0226705,0.0232027,0.0237339,0.0242645,0.024795,0.0253258,0.0258573,0.0263896,0.0269724,0.0234422,0.0171068,
0.0178011,-nan,-nan,-nan,-nan,-nan,-nan,-nan,-nan,-nan,-nan,-nan,-nan,-nan,-nan,-nan,-nan,-nan,-nan,-nan,-nan,-nan,-nan,-nan,-nan,-nan,-nan,-nan,-nan,-nan,-nan,-nan,-nan,-nan,-nan,-nan,-nan,-nan,-nan,-nan,-nan,-nan,0.00294068,0.00461441,0.00585928,0.00691109,0.00784784,0.00870676,0.00950894,0.0102677,0.010992,0.0116883,0.0123612,0.0130145,0.0136509,0.0142728,0.0148819,0.0154799,0.016068,0.0166474,0.0172189,0.0177836,0.018342,0.0188949,0.0194429,0.0199866,0.0205265,0.0210631,0.0215968,0.0221282,0.0226576,0.0231856,0.0237125,0.0242388,0.024765,0.0252914,0.0258187,0.0263468,0.0269259,0.0233649,0.0169599,
0.0176551,-nan,-nan,-nan,-nan,-nan,-nan,-nan,-nan,-nan,-nan,-nan,-nan,-nan,-nan,-nan,-nan,-nan,-nan,-nan,-nan,-nan,-nan,-nan,-nan,-nan,-nan,-nan,-nan,-nan,-nan,-nan,-nan,-nan,-nan,-nan,-nan,-nan,-nan,-nan,-nan,-nan,0.00293227,0.0046213,0.0058739,0.00693087,0.00787138,0.00873309,0.00953736,0.0102976,0.0110229,0.0117198,0.0123929,0.013046,0.0136818,0.0143028,0.0149107,0.0155072,0.0160935,0.0166707,0.0172399,0.0178019,0.0183574,0.0189071,0.0194517,0.0199918,0.0205279,0.0210604,0.02159,0.0221171,0.0226421,0.0231655,0.0236879,0.0242096,0.0247311,0.0252529,0.0257755,0.026299,0.026874,0.0232838,0.016811,
0.0175063,-nan,-nan,-nan,-nan,-nan,-nan,-nan,-nan,-nan,-nan,-nan,-nan,-nan,-nan,-nan,-nan,-nan,-nan,-nan,-nan,-nan,-nan,-nan,-nan,-nan,-nan,-nan,-nan,-nan,-nan,-nan,-nan,-nan,-nan,-nan,-nan,-nan,-nan,-nan,-nan,-nan,0.00292292,0.00462757,0.00588799,0.00695016,0.00789444,0.00875898,0.00956536,0.0103271,0.0110535,0.0117508,0.0124241,0.013077,0.0137123,0.0143323,0.014939,0.0155339,0.0161183,0.0166933,0.01726,0.0178192,0.0183717,0.0189182,0.0194592,0.0199955,0.0205276,0.0210559,0.0215811,0.0221036,0.022624,0.0231426,0.0236601,0.0241768,0.0246933,0.0252101,0.0257277,0.0262462,0.0268167,0.0231986,0.0166599,
0.0173546,-nan,-nan,-nan,-nan,-nan,-nan,-nan,-nan,-nan,-nan,-nan,-nan,-nan,-nan,-nan,-nan,-nan,-nan,-nan,-nan,-nan,-nan,-nan,-nan,-nan,-nan,-nan,-nan,-nan,-nan,-nan,-nan,-nan,-nan,-nan,-nan,-nan,-nan,-nan,-nan,-nan,0.00291275,0.00463335,0.00590168,0.00696911,0.00791722,0.00878462,0.00959312,0.0103564,0.0110838,0.0117817,0.0124552,0.0131078,0.0137425,0.0143616,0.014967,0.0155602,0.0161427,0.0167155,0.0172796,0.0178359,0.0183853,0.0189283,0.0194656,0.019998,0.0205258,0.0210498,0.0215703,0.0220881,0.0226034,0.023117,0.0236292,0.0241406,0.0246518,0.0251632,0.0256753,0.0261884,0.0267538,0.0231095,0.0165069,
0.0172,-nan,-nan,-nan,-nan,-nan,-nan,-nan,-nan,-nan,-nan,-nan,-nan,-nan,-nan,-nan,-nan,-nan,-nan,-nan,-nan,-nan,-nan,-nan,-nan,-nan,-nan,-nan,-nan,-nan,-nan,-nan,-nan,-nan,-nan,-nan,-nan,-nan,-nan,-nan,-nan,-nan,0.00290188,0.00463877,0.00591513,0.0069879,0.00793989,0.00881019,0.00962086,0.0103857,0.0111141,0.0118127,0.0124863,0.0131387,0.0137728,0.0143909,0.0149949,0.0155865,0.016167,0.0167374,0.0172989,0.0178523,0.0183983,0.0189377,0.0194712,0.0199994,0.0205229,0.0210422,0.0215579,0.0220705,0.0225806,0.0230887,0.0235954,0.0241011,0.0246065,0.025112,0.0256183,0.0261255,0.0266855,0.0230162,0.0163517,
0.0170425,-nan,-nan,-nan,-nan,-nan,-nan,-nan,-nan,-nan,-nan,-nan,-nan,-nan,-nan,-nan,-nan,-nan,-nan,-nan,-nan,-nan,-nan,-nan,-nan,-nan,-nan,-nan,-nan,-nan,-nan,-nan,-nan,-nan,-nan,-nan,-nan,-nan,-nan,-nan,-nan,-nan,0.00289044,0.00464398,0.0059285,0.00700669,0.00796263,0.0088359,0.00964879,0.0104153,0.0111448,0.0118439,0.0125177,0.0131699,0.0138034,0.0144205,0.0150232,0.0156131,0.0161915,0.0167595,0.0173182,0.0178685,0.0184111,0.0189468,0.0194763,0.0200001,0.0205189,0.0210333,0.0215439,0.0220511,0.0225556,0.023058,0.0235587,0.0240583,0.0245575,0.0250567,0.0255567,0.0260575,0.0266115,0.0229188,0.0161945,
0.0168819,-nan,-nan,-nan,-nan,-nan,-nan,-nan,-nan,-nan,-nan,-nan,-nan,-nan,-nan,-nan,-nan,-nan,-nan,-nan,-nan,-nan,-nan,-nan,-nan,-nan,-nan,-nan,-nan,-nan,-nan,-nan,-nan,-nan,-nan,-nan,-nan,-nan,-nan,-nan,-nan,-nan,0.00287858,0.00464913,0.00594196,0.00702568,0.00798565,0.00886196,0.00967714,0.0104453,0.0111759,0.0118758,0.0125498,0.0132017,0.0138346,0.0144507,0.0150521,0.0156402,0.0162165,0.0167821,0.0173379,0.017885,0.0184241,0.0189559,0.0194811,0.0200004,0.0205143,0.0210236,0.0215287,0.0220302,0.0225288,0.0230249,0.0235193,0.0240124,0.0245049,0.0249974,0.0254905,0.0259844,0.0265319,0.0228172,0.0160353,
0.0167183,-nan,-nan,-nan,-nan,-nan,-nan,-nan,-nan,-nan,-nan,-nan,-nan,-nan,-nan,-nan,-nan,-nan,-nan,-nan,-nan,-nan,-nan,-nan,-nan,-nan,-nan,-nan,-nan,-nan,-nan,-nan,-nan,-nan,-nan,-nan,-nan,-nan,-nan,-nan,-nan,-nan,0.00286644,0.00465439,0.00595568,0.00704504,0.00800915,0.00888859,0.00970614,0.010476,0.0112079,0.0119084,0.0125827,0.0132345,0.0138668,0.0144819,0.0150819,0.0156683,0.0162424,0.0168054,0.0173583,0.0179021,0.0184375,0.0189652,0.0194861,0.0200006,0.0205094,0.0210132,0.0215126,0.0220081,0.0225003,0.0229899,0.0234774,0.0239635,0.0244489,0.0249341,0.0254198,0.0259062,0.0264466,0.0227114,0.0158742,
0.0165517,-nan,-nan,-nan,-nan,-nan,-nan,-nan,-nan,-nan,-nan,-nan,-nan,-nan,-nan,-nan,-nan,-nan,-nan,-nan,-nan,-nan,-nan,-nan,-nan,-nan,-nan,-nan,-nan,-nan,-nan,-nan,-nan,-nan,-nan,-nan,-nan,-nan,-nan,-nan,-nan,-nan,0.00285419,0.00465992,0.00596984,0.00706499,0.00803335,0.00891603,0.00973605,0.0105078,0.0112409,0.0119422,0.0126168,0.0132685,0.0139003,0.0145144,0.015113,0.0156976,0.0162695,0.0168299,0.0173799,0.0179202,0.0184518,0.0189753,0.0194916,0.0200011,0.0205046,0.0210026,0.0214959,0.021985,0.0224705,0.022953,0.0234333,0.0239119,0.0243896,0.0248669,0.0253446,0.025823,0.0263557,0.0226014,0.0157111,
0.0163821,-nan,-nan,-nan,-nan,-nan,-nan,-nan,-nan,-nan,-nan,-nan,-nan,-nan,-nan,-nan,-nan,-nan,-nan,-nan,-nan,-nan,-nan,-nan,-nan,-nan,-nan,-nan,-nan,-nan,-nan,-nan,-nan,-nan,-nan,-nan,-nan,-nan,-nan,-nan,-nan,-nan,0.002842,0.00466589,0.00598464,0.00708572,0.00805848,0.00894452,0.00976711,0.0105408,0.0112753,0.0119775,0.0126525,0.0133041,0.0139354,0.0145486,0.0151458,0.0157286,0.0162983,0.0168561,0.0174029,0.0179398,0.0184674,0.0189866,0.019498,0.0200023,0.0205001,0.0209922,0.021479,0.0219613,0.0224396,0.0229147,0.0233872,0.0238578,0.0243272,0.0247961,0.0252652,0.0257349,0.0262591,0.0224871,0.0155462,
0.0162094,-nan,-nan,-nan,-nan,-nan,-nan,-nan,-nan,-nan,-nan,-nan,-nan,-nan,-nan,-nan,-nan,-nan,-nan,-nan,-nan,-nan,-nan,-nan,-nan,-nan,-nan,-nan,-nan,-nan,-nan,-nan,-nan,-nan,-nan,-nan,-nan,-nan,-nan,-nan,-nan,-nan,0.00283004,0.00467249,0.00600027,0.00710745,0.00808476,0.0089743,0.00979961,0.0105753,0.0113113,0.0120145,0.01269,0.0133416,0.0139725,0.0145848,0.0151807,0.0157617,0.0163292,0.0168843,0.017428,0.0179612,0.0184848,0.0189994,0.0195059,0.0200047,0.0204966,0.0209823,0.0214623,0.0219374,0.0224082,0.0228753,0.0233395,0.0238015,0.024262,0.0247218,0.0251816,0.0256419,0.0261569,0.0223686,0.0153795,
0.0160337,-nan,-nan,-nan,-nan,-nan,-nan,-nan,-nan,-nan,-nan,-nan,-nan,-nan,-nan,-nan,-nan,-nan,-nan,-nan,-nan,-nan,-nan,-nan,-nan,-nan,-nan,-nan,-nan,-nan,-nan,-nan,-nan,-nan,-nan,-nan,-nan,-nan,-nan,-nan,-nan,-nan,0.00281853,0.0046799,0.00601693,0.00713041,0.00811243,0.00900564,0.00983381,0.0106118,0.0113494,0.0120537,0.0127297,0.0133815,0.014012,0.0146235,0.0152181,0.0157974,0.0163626,0.016915,0.0174555,0.0179851,0.0185045,0.0190144,0.0195156,0.0200088,0.0204945,0.0209735,0.0214464,0.0219139,0.0223766,0.0228352,0.0232905,0.0237433,0.0241942,0.0246442,0.0250941,0.0255442,0.0260492,0.0222459,0.0152111,
0.0158549,-nan,-nan,-nan,-nan,-nan,-nan,-nan,-nan,-nan,-nan,-nan,-nan,-nan,-nan,-nan,-nan,-nan,-nan,-nan,-nan,-nan,-nan,-nan,-nan,-nan,-nan,-nan,-nan,-nan,-nan,-nan,-nan,-nan,-nan,-nan,-nan,-nan,-nan,-nan,-nan,-nan,0.00280765,0.00468833,0.00603484,0.00715482,0.00814174,0.0090388,0.00987001,0.0106503,0.0113897,0.0120952,0.012772,0.013424,0.0140543,0.0146651,0.0152585,0.0158361,0.0163991,0.0169488,0.0174861,0.0180119,0.018527,0.0190321,0.019528,0.0200152,0.0204944,0.0209664,0.0214317,0.0218911,0.0223452,0.0227949,0.0232407,0.0236836,0.0241243,0.0245637,0.0250028,0.0254419,0.0259361,0.0221191,0.0150412,
0.0156731,-nan,-nan,-nan,-nan,-nan,-nan,-nan,-nan,-nan,-nan,-nan,-nan,-nan,-nan,-nan,-nan,-nan,-nan,-nan,-nan,-nan,-nan,-nan,-nan,-nan,-nan,-nan,-nan,-nan,-nan,-nan,-nan,-nan,-nan,-nan,-nan,-nan,-nan,-nan,-nan,-nan,0.00279763,0.00469796,0.0060542,0.0071809,0.00817295,0.00907404,0.00990848,0.0106913,0.0114327,0.0121396,0.0128173,0.0134697,0.0140998,0.0147101,0.0153023,0.0158783,0.0164392,0.0169862,0.0175202,0.0180422,0.0185529,0.0190531,0.0195434,0.0200244,0.020497,0.0209616,0.0214189,0.0218698,0.0223148,0.0227548,0.0231905,0.0236228,0.0240526,0.0244806,0.024908,0.0253352,0.0258177,0.0219882,0.01487,
0.0154884,-nan,-nan,-nan,-nan,-nan,-nan,-nan,-nan,-nan,-nan,-nan,-nan,-nan,-nan,-nan,-nan,-nan,-nan,-nan,-nan,-nan,-nan,-nan,-nan,-nan,-nan,-nan,-nan,-nan,-nan,-nan,-nan,-nan,-nan,-nan,-nan,-nan,-nan,-nan,-nan,-nan,0.00278868,0.004709,0.00607523,0.0072089,0.00820629,0.00911166,0.00994953,0.0107351,0.0114787,0.0121872,0.012866,0.0135189,0.0141491,0.0147588,0.0153501,0.0159245,0.0164834,0.0170277,0.0175585,0.0180767,0.018583,0.0190781,0.0195626,0.0200373,0.0205028,0.0209597,0.0214087,0.0218505,0.0222859,0.0227157,0.0231406,0.0235616,0.0239795,0.0243953,0.0248101,0.0252244,0.0256941,0.0218533,0.0146976,
0.0153007,-nan,-nan,-nan,-nan,-nan,-nan,-nan,-nan,-nan,-nan,-nan,-nan,-nan,-nan,-nan,-nan,-nan,-nan,-nan,-nan,-nan,-nan,-nan,-nan,-nan,-nan,-nan,-nan,-nan,-nan,-nan,-nan,-nan,-nan,-nan,-nan,-nan,-nan,-nan,-nan,-nan,0.00278104,0.00472165,0.00609815,0.00723904,0.00824203,0.0091519,0.00999346,0.0107821,0.0115279,0.0122383,0.0129183,0.013572,0.0142024,0.0148119,0.0154024,0.0159754,0.0165323,0.017074,0.0176017,0.018116,0.0186178,0.0191077,0.0195864,0.0200545,0.0205126,0.0209615,0.0214017,0.0218341,0.0222593,0.0226781,0.0230915,0.0235003,0.0239056,0.0243083,0.0247095,0.0251098,0.0255655,0.0217146,0.0145243,
0.0151102,-nan,-nan,-nan,-nan,-nan,-nan,-nan,-nan,-nan,-nan,-nan,-nan,-nan,-nan,-nan,-nan,-nan,-nan,-nan,-nan,-nan,-nan,-nan,-nan,-nan,-nan,-nan,-nan,-nan,-nan,-nan,-nan,-nan,-nan,-nan,-nan,-nan,-nan,-nan,-nan,-nan,0.00277496,0.00473613,0.00612317,0.00727155,0.00828042,0.00919506,0.0100406,0.0108324,0.0115809,0.0122933,0.0129749,0.0136296,0.0142604,0.0148698,0.0154597,0.0160314,0.0165865,0.0171258,0.0176504,0.0181609,0.0186582,0.0191429,0.0196155,0.0200769,0.0205274,0.0209679,0.0213989,0.0218213,0.0222357,0.022643,0.023044,0.0234399,0.0238315,0.02422,0.0246065,0.0249918,0.0254323,0.0215722,0.0143502,
0.014917,-nan,-nan,-nan,-nan,-nan,-nan,-nan,-nan,-nan,-nan,-nan,-nan,-nan,-nan,-nan,-nan,-nan,-nan,-nan,-nan,-nan,-nan,-nan,-nan,-nan,-nan,-nan,-nan,-nan,-nan,-nan,-nan,-nan,-nan,-nan,-nan,-nan,-nan,-nan,-nan,-nan,0.00277067,0.00475263,0.0061505,0.00730667,0.00832169,0.00924139,0.0100911,0.0108865,0.0116379,0.0123526,0.013036,0.013692,0.0143235,0.0149331,0.0155225,0.0160933,0.0166467,0.0171837,0.0177053,0.0182122,0.018705,0.0191843,0.0196509,0.0201053,0.020548,0.0209798,0.0214012,0.021813,0.022216,0.022611,0.022999,0.023381,0.0237579,0.0241311,0.0245018,0.0248707,0.0252947,0.0214264,0.0141759,
0.0147211,-nan,-nan,-nan,-nan,-nan,-nan,-nan,-nan,-nan,-nan,-nan,-nan,-nan,-nan,-nan,-nan,-nan,-nan,-nan,-nan,-nan,-nan,-nan,-nan,-nan,-nan,-nan,-nan,-nan,-nan,-nan,-nan,-nan,-nan,-nan,-nan,-nan,-nan,-nan,-nan,-nan,0.00276843,0.00477135,0.00618034,0.00734462,0.0083661,0.00929116,0.0101454,0.0109446,0.0116992,0.0124166,0.0131021,0.0137596,0.0143922,0.0150022,0.0155915,0.0161616,0.0167136,0.0172485,0.0177673,0.0182705,0.0187589,0.0192331,0.0196935,0.0201408,0.0205755,0.0209982,0.0214096,0.0218104,0.0222013,0.0225833,0.0229574,0.0233244,0.0236857,0.0240424,0.0243959,0.0247471,0.0251532,0.0212774,0.0140015,
0.0145226,-nan,-nan,-nan,-nan,-nan,-nan,-nan,-nan,-nan,-nan,-nan,-nan,-nan,-nan,-nan,-nan,-nan,-nan,-nan,-nan,-nan,-nan,-nan,-nan,-nan,-nan,-nan,-nan,-nan,-nan,-nan,-nan,-nan,-nan,-nan,-nan,-nan,-nan,-nan,-nan,-nan,0.00276849,0.00479248,0.0062129,0.00738558,0.00841385,0.00934461,0.0102037,0.0110071,0.0117653,0.0124857,0.0131736,0.013833,0.014467,0.0150778,0.0156673,0.0162369,0.0167878,0.0173209,0.0178371,0.018337,0.0188211,0.01929,0.0197443,0.0201844,0.0206109,0.0210243,0.0214252,0.0218145,0.0221928,0.022561,0.0229202,0.0232713,0.0236157,0.0239547,0.0242897,0.0246216,0.0250082,0.0211256,0.0138276,
0.0143217,-nan,-nan,-nan,-nan,-nan,-nan,-nan,-nan,-nan,-nan,-nan,-nan,-nan,-nan,-nan,-nan,-nan,-nan,-nan,-nan,-nan,-nan,-nan,-nan,-nan,-nan,-nan,-nan,-nan,-nan,-nan,-nan,-nan,-nan,-nan,-nan,-nan,-nan,-nan,-nan,-nan,0.0027711,0.00481622,0.00624834,0.00742977,0.00846516,0.00940195,0.0102663,0.0110742,0.0118363,0.0125601,0.0132509,0.0139126,0.0145483,0.0151603,0.0157504,0.0163199,0.0168701,0.0174017,0.0179156,0.0184123,0.0188924,0.0193563,0.0198044,0.0202373,0.0206554,0.0210593,0.0214494,0.0218266,0.0221916,0.0225453,0.0228886,0.0232228,0.0235491,0.023869,0.0241838,0.0244949,0.0248602,0.0209713,0.0136546,
0.0141186,-nan,-nan,-nan,-nan,-nan,-nan,-nan,-nan,-nan,-nan,-nan,-nan,-nan,-nan,-nan,-nan,-nan,-nan,-nan,-nan,-nan,-nan,-nan,-nan,-nan,-nan,-nan,-nan,-nan,-nan,-nan,-nan,-nan,-nan,-nan,-nan,-nan,-nan,-nan,-nan,-nan,0.0027765,0.00484271,0.00628684,0.00747734,0.00852021,0.00946341,0.0103333,0.0111461,0.0119126,0.0126402,0.0133342,0.0139987,0.0146367,0.0152503,0.0158414,0.0164114,0.0169612,0.0174918,0.0180038,0.0184976,0.0189739,0.0194329,0.0198751,0.0203008,0.0207105,0.0211046,0.0214836,0.0218483,0.0221993,0.0225376,0.0228642,0.0231802,0.0234871,0.0237863,0.0240795,0.0243679,0.0247099,0.020815,0.0134831,
0.0139134,-nan,-nan,-nan,-nan,-nan,-nan,-nan,-nan,-nan,-nan,-nan,-nan,-nan,-nan,-nan,-nan,-nan,-nan,-nan,-nan,-nan,-nan,-nan,-nan,-nan,-nan,-nan,-nan,-nan,-nan,-nan,-nan,-nan,-nan,-nan,-nan,-nan,-nan,-nan,-nan,-nan,0.00278492,0.00487213,0.00632853,0.00752845,0.00857915,0.00952913,0.010405,0.0112232,0.0119944,0.0127263,0.0134241,0.0140918,0.0147325,0.0153483,0.015941,0.0165118,0.0170619,0.0175919,0.0181024,0.0185939,0.0190667,0.0195212,0.0199576,0.0203763,0.0207775,0.0211617,0.0215293,0.021881,0.0222174,0.0225395,0.0228483,0.023145,0.0234311,0.0237081,0.0239777,0.0242415,0.0245582,0.0206573,0.0133137,
0.0137064,-nan,-nan,-nan,-nan,-nan,-nan,-nan,-nan,-nan,-nan,-nan,-nan,-nan,-nan,-nan,-nan,-nan,-nan,-nan,-nan,-nan,-nan,-nan,-nan,-nan,-nan,-nan,-nan,-nan,-nan,-nan,-nan,-nan,-nan,-nan,-nan,-nan,-nan,-nan,-nan,-nan,0.00279659,0.00490459,0.00637353,0.00758319,0.0086421,0.00959926,0.0104816,0.0113055,0.012082,0.0128186,0.0135207,0.0141922,0.0148362,0.0154547,0.0160496,0.016622,0.0171729,0.0177029,0.0182125,0.0187022,0.019172,0.0196224,0.0200534,0.0204652,0.020858,0.0212323,0.0215882,0.0219265,0.0222478,0.0225529,0.0228428,0.023119,0.0233827,0.0236357,0.0238799,0.024117,0.0244059,0.0204988,0.0131474,
0.0134979,-nan,-nan,-nan,-nan,-nan,-nan,-nan,-nan,-nan,-nan,-nan,-nan,-nan,-nan,-nan,-nan,-nan,-nan,-nan,-nan,-nan,-nan,-nan,-nan,-nan,-nan,-nan,-nan,-nan,-nan,-nan,-nan,-nan,-nan,-nan,-nan,-nan,-nan,-nan,-nan,-nan,0.00281169,0.0049402,0.00642191,0.00764165,0.00870913,0.00967387,0.010563,0.0113932,0.0121755,0.0129174,0.0136243,0.0143002,0.0149481,0.0155701,0.0161679,0.0167425,0.0172949,0.0178256,0.0183351,0.0188235,0.019291,0.0197378,0.0201638,0.0205691,0.0209538,0.0213181,0.0216623,0.0219869,0.0222924,0.0225797,0.0228498,0.0231039,0.0233437,0.023571,0.0237876,0.0239955,0.0242542,0.0203404,0.0129849,
0.0132881,-nan,-nan,-nan,-nan,-nan,-nan,-nan,-nan,-nan,-nan,-nan,-nan,-nan,-nan,-nan,-nan,-nan,-nan,-nan,-nan,-nan,-nan,-nan,-nan,-nan,-nan,-nan,-nan,-nan,-nan,-nan,-nan,-nan,-nan,-nan,-nan,-nan,-nan,-nan,-nan,-nan,0.00283041,0.00497903,0.00647371,0.00770384,0.00878027,0.009753,0.0106494,0.0114864,0.0122749,0.0130227,0.0137351,0.0144161,0.0150687,0.0156948,0.0162962,0.0168739,0.0174286,0.0179609,0.018471,0.018959,0.019425,0.0198688,0.0202904,0.0206897,0.0210666,0.0214212,0.0217536,0.0220642,0.0223535,0.0226222,0.0228713,0.0231022,0.0233164,0.0235158,0.0237026,0.0238788,0.0241044,0.0201829,0.0128273,
0.0130774,-nan,-nan,-nan,-nan,-nan,-nan,-nan,-nan,-nan,-nan,-nan,-nan,-nan,-nan,-nan,-nan,-nan,-nan,-nan,-nan,-nan,-nan,-nan,-nan,-nan,-nan,-nan,-nan,-nan,-nan,-nan,-nan,-nan,-nan,-nan,-nan,-nan,-nan,-nan,-nan,-nan,0.00285289,0.00502112,0.00652894,0.00776975,0.00885548,0.0098366,0.0107408,0.011585,0.0123804,0.0131346,0.0138532,0.01454,0.015198,0.0158292,0.0164351,0.0170168,0.0175748,0.0181096,0.0186213,0.0191099,0.0195752,0.020017,0.020435,0.0208289,0.0211985,0.0215437,0.0218644,0.0221609,0.0224336,0.022683,0.0229101,0.0231163,0.0233032,0.0234726,0.0236271,0.0237687,0.023958,0.0200276,0.012676,
0.0128662,-nan,-nan,-nan,-nan,-nan,-nan,-nan,-nan,-nan,-nan,-nan,-nan,-nan,-nan,-nan,-nan,-nan,-nan,-nan,-nan,-nan,-nan,-nan,-nan,-nan,-nan,-nan,-nan,-nan,-nan,-nan,-nan,-nan,-nan,-nan,-nan,-nan,-nan,-nan,-nan,-nan,0.00287924,0.00506645,0.00658754,0.00783929,0.00893466,0.00992458,0.010837,0.011689,0.0124918,0.0132532,0.0139786,0.0146721,0.0153363,0.0159735,0.0165849,0.0171716,0.017734,0.0182725,0.018787,0.0192772,0.019743,0.0201838,0.0205992,0.0209886,0.0213516,0.021688,0.0219973,0.0222797,0.0225354,0.0227649,0.0229691,0.0231491,0.0233068,0.023444,0.0235634,0.0236673,0.0238169,0.0198758,0.0125323,
0.012655,-nan,-nan,-nan,-nan,-nan,-nan,-nan,-nan,-nan,-nan,-nan,-nan,-nan,-nan,-nan,-nan,-nan,-nan,-nan,-nan,-nan,-nan,-nan,-nan,-nan,-nan,-nan,-nan,-nan,-nan,-nan,-nan,-nan,-nan,-nan,-nan,-nan,-nan,-nan,-nan,-nan,0.00290955,0.00511498,0.00664938,0.00791231,0.00901763,0.0100167,0.0109378,0.0117981,0.012609,0.0133782,0.0141113,0.0148122,0.0154837,0.0161278,0.0167459,0.0173387,0.0179068,0.0184502,0.0189688,0.0194621,0.0199297,0.0203708,0.0207848,0.0211708,0.0215283,0.0218565,0.022155,0.0224235,0.0226622,0.0228712,0.0230514,0.0232039,0.0233304,0.023433,0.0235144,0.0235772,0.0236833,0.0197291,0.012398,
0.0124443,-nan,-nan,-nan,-nan,-nan,-nan,-nan,-nan,-nan,-nan,-nan,-nan,-nan,-nan,-nan,-nan,-nan,-nan,-nan,-nan,-nan,-nan,-nan,-nan,-nan,-nan,-nan,-nan,-nan,-nan,-nan,-nan,-nan,-nan,-nan,-nan,-nan,-nan,-nan,-nan,-nan,0.00294384,0.0051666,0.0067143,0.00798857,0.00910413,0.0101128,0.011043,0.0119121,0.0127316,0.0135094,0.0142509,0.0149602,0.01564,0.0162922,0.0169181,0.0175185,0.0180936,0.0186434,0.0191676,0.0196656,0.0201366,0.0205796,0.0209937,0.0213778,0.0217309,0.022052,0.0223404,0.0225956,0.0228172,0.0230055,0.0231609,0.0232844,0.0233778,0.0234432,0.0234834,0.0235013,0.0235596,0.0195894,0.0122752,
0.0122348,-nan,-nan,-nan,-nan,-nan,-nan,-nan,-nan,-nan,-nan,-nan,-nan,-nan,-nan,-nan,-nan,-nan,-nan,-nan,-nan,-nan,-nan,-nan,-nan,-nan,-nan,-nan,-nan,-nan,-nan,-nan,-nan,-nan,-nan,-nan,-nan,-nan,-nan,-nan,-nan,-nan,0.00298211,0.00522116,0.00678205,0.00806777,0.00919379,0.0102123,0.011152,0.0120305,0.0128594,0.0136464,0.0143973,0.0151159,0.015805,0.0164665,0.0171016,0.017711,0.0182947,0.0188527,0.0193843,0.0198887,0.020365,0.0208117,0.0212278,0.0216117,0.021962,0.0222775,0.022557,0.0227995,0.0230045,0.0231718,0.0233016,0.0233949,0.0234532,0.0234787,0.0234743,0.0234432,0.0234489,0.019459,0.0121662,
0.0120272,-nan,-nan,-nan,-nan,-nan,-nan,-nan,-nan,-nan,-nan,-nan,-nan,-nan,-nan,-nan,-nan,-nan,-nan,-nan,-nan,-nan,-nan,-nan,-nan,-nan,-nan,-nan,-nan,-nan,-nan,-nan,-nan,-nan,-nan,-nan,-nan,-nan,-nan,-nan,-nan,-nan,0.0030243,0.00527843,0.00685231,0.00814951,0.00928615,0.0103148,0.0112645,0.0121529,0.0129916,0.0137887,0.0145497,0.0152787,0.0159783,0.0166505,0.0172962,0.0179162,0.0185103,0.0190783,0.0196193,0.0201323,0.020616,0.0210688,0.021489,0.0218748,0.0222244,0.0225361,0.0228081,0.0230392,0.0232282,0.0233747,0.0234785,0.0235403,0.0235615,0.0235442,0.0234916,0.023407,0.0233548,0.0193407,0.0120741,
0.0118225,-nan,-nan,-nan,-nan,-nan,-nan,-nan,-nan,-nan,-nan,-nan,-nan,-nan,-nan,-nan,-nan,-nan,-nan,-nan,-nan,-nan,-nan,-nan,-nan,-nan,-nan,-nan,-nan,-nan,-nan,-nan,-nan,-nan,-nan,-nan,-nan,-nan,-nan,-nan,-nan,-nan,0.0030703,0.00533813,0.00692466,0.00823328,0.00938065,0.0104197,0.0113797,0.0122784,0.0131276,0.0139355,0.0147076,0.015448,0.0161594,0.0168435,0.0175016,0.0181339,0.0187404,0.0193205,0.0198732,0.0203972,0.0208909,0.0213523,0.0217793,0.0221696,0.022521,0.0228311,0.0230977,0.0233189,0.0234931,0.0236193,0.0236969,0.0237261,0.0237083,0.0236453,0.0235405,0.0233974,0.0232816,0.0192377,0.0120024,
0.0116218,-nan,-nan,-nan,-nan,-nan,-nan,-nan,-nan,-nan,-nan,-nan,-nan,-nan,-nan,-nan,-nan,-nan,-nan,-nan,-nan,-nan,-nan,-nan,-nan,-nan,-nan,-nan,-nan,-nan,-nan,-nan,-nan,-nan,-nan,-nan,-nan,-nan,-nan,-nan,-nan,-nan,0.00311996,0.0053999,0.00699861,0.00831848,0.00947657,0.0105262,0.0114967,0.0124061,0.0132665,0.0140859,0.01487,0.0156229,0.0163473,0.017045,0.0177169,0.0183635,0.0189845,0.0195791,0.0201461,0.0206839,0.0211905,0.0216635,0.0221004,0.0224984,0.0228546,0.023166,0.0234298,0.0236434,0.0238045,0.0239113,0.0239628,0.0239587,0.0239,0.0237884,0.0236272,0.0234201,0.0232341,0.0191542,0.0119552,
0.0114262,-nan,-nan,-nan,-nan,-nan,-nan,-nan,-nan,-nan,-nan,-nan,-nan,-nan,-nan,-nan,-nan,-nan,-nan,-nan,-nan,-nan,-nan,-nan,-nan,-nan,-nan,-nan,-nan,-nan,-nan,-nan,-nan,-nan,-nan,-nan,-nan,-nan,-nan,-nan,-nan,-nan,0.00317307,0.00546333,0.00707358,0.00840438,0.00957309,0.0106333,0.0116145,0.0125351,0.0134071,0.0142387,0.0150358,0.0158022,0.016541,0.0172537,0.0179415,0.0186044,0.0192422,0.0198539,0.020438,0.0209927,0.0215155,0.0220038,0.0224543,0.0228637,0.0232284,0.0235447,0.023809,0.0240178,0.024168,0.0242571,0.0242831,0.0242454,0.0241441,0.0239808,0.0237588,0.0234819,0.0232184,0.0190949,0.0119378,
0.0112374,-nan,-nan,-nan,-nan,-nan,-nan,-nan,-nan,-nan,-nan,-nan,-nan,-nan,-nan,-nan,-nan,-nan,-nan,-nan,-nan,-nan,-nan,-nan,-nan,-nan,-nan,-nan,-nan,-nan,-nan,-nan,-nan,-nan,-nan,-nan,-nan,-nan,-nan,-nan,-nan,-nan,0.00322939,0.00552791,0.00714888,0.00849016,0.00966924,0.0107399,0.0117321,0.0126641,0.0135482,0.0143927,0.0152034,0.0159846,0.0167391,0.0174685,0.0181739,0.0188554,0.0195125,0.0201441,0.0207486,0.0213236,0.0218665,0.022374,0.0228423,0.0232675,0.0236452,0.0239708,0.0242398,0.0244476,0.0245902,0.0246638,0.0246658,0.0245944,0.0244492,0.0242313,0.0239437,0.0235905,0.0232415,0.0190658,0.0119564,
0.0110574,-nan,-nan,-nan,-nan,-nan,-nan,-nan,-nan,-nan,-nan,-nan,-nan,-nan,-nan,-nan,-nan,-nan,-nan,-nan,-nan,-nan,-nan,-nan,-nan,-nan,-nan,-nan,-nan,-nan,-nan,-nan,-nan,-nan,-nan,-nan,-nan,-nan,-nan,-nan,-nan,-nan,0.0032886,0.00559307,0.00722372,0.00857485,0.00976393,0.010845,0.011848,0.0127916,0.0136881,0.014546,0.0153714,0.0161683,0.0169398,0.0176876,0.0184126,0.0191149,0.019794,0.0204487,0.0210769,0.0216762,0.0222434,0.0227747,0.0232659,0.0237122,0.0241082,0.0244484,0.0247272,0.0249389,0.0250779,0.0251395,0.0251196,0.0250154,0.0248254,0.0245501,0.0241921,0.0237554,0.0233119,0.019074,0.0120189,
0.0108884,-nan,-nan,-nan,-nan,-nan,-nan,-nan,-nan,-nan,-nan,-nan,-nan,-nan,-nan,-nan,-nan,-nan,-nan,-nan,-nan,-nan,-nan,-nan,-nan,-nan,-nan,-nan,-nan,-nan,-nan,-nan,-nan,-nan,-nan,-nan,-nan,-nan,-nan,-nan,-nan,-nan,0.00335036,0.00565817,0.00729722,0.00865738,0.00985587,0.0109469,0.0119606,0.0129158,0.013825,0.0146969,0.0155376,0.0163513,0.0171411,0.0179088,0.0186554,0.019381,0.020085,0.0207659,0.0214217,0.0220495,0.0226458,0.0232063,0.023726,0.0241993,0.02462,0.0249814,0.0252764,0.0254979,0.025639,0.0256932,0.0256547,0.0255193,0.0252842,0.024949,0.0245155,0.0239878,0.0234396,0.0191284,0.0121348,
0.0107333,-nan,-nan,-nan,-nan,-nan,-nan,-nan,-nan,-nan,-nan,-nan,-nan,-nan,-nan,-nan,-nan,-nan,-nan,-nan,-nan,-nan,-nan,-nan,-nan,-nan,-nan,-nan,-nan,-nan,-nan,-nan,-nan,-nan,-nan,-nan,-nan,-nan,-nan,-nan,-nan,-nan,0.00341429,0.00572246,0.0073684,0.00873652,0.00994368,0.0110441,0.0120682,0.013035,0.013957,0.0148431,0.0156997,0.0165311,0.0173404,0.0181297,0.0188999,0.0196512,0.020383,0.0210937,0.0217811,0.0224421,0.0230727,0.0236682,0.024223,0.0247304,0.0251832,0.0255734,0.0258925,0.0261316,0.0262819,0.0263347,0.0262825,0.0261188,0.0258394,0.0254421,0.024928,0.0243009,0.0236368,0.0192399,0.0123163,
0.010596,-nan,-nan,-nan,-nan,-nan,-nan,-nan,-nan,-nan,-nan,-nan,-nan,-nan,-nan,-nan,-nan,-nan,-nan,-nan,-nan,-nan,-nan,-nan,-nan,-nan,-nan,-nan,-nan,-nan,-nan,-nan,-nan,-nan,-nan,-nan,-nan,-nan,-nan,-nan,-nan,-nan,0.00347994,0.00578516,0.00743615,0.00881094,0.0100258,0.0111349,0.0121689,0.0131468,0.0140816,0.0149822,0.0158551,0.0167049,0.0175349,0.0183472,0.019143,0.0199224,0.0206849,0.021429,0.0221523,0.0228515,0.0235223,0.0241594,0.0247565,0.0253061,0.0257998,0.0262282,0.0265809,0.026847,0.0270155,0.0270752,0.0270159,0.0268287,0.0265067,0.0260461,0.0254465,0.0247108,0.023918,0.0194222,0.0125786,
0.0104811,-nan,-nan,-nan,-nan,-nan,-nan,-nan,-nan,-nan,-nan,-nan,-nan,-nan,-nan,-nan,-nan,-nan,-nan,-nan,-nan,-nan,-nan,-nan,-nan,-nan,-nan,-nan,-nan,-nan,-nan,-nan,-nan,-nan,-nan,-nan,-nan,-nan,-nan,-nan,-nan,-nan,0.00354684,0.00584538,0.00749929,0.00887918,0.0101005,0.0112173,0.0122604,0.0132491,0.0141963,0.0151113,0.0160008,0.0168696,0.0177212,0.0185579,0.019381,0.0201909,0.0209872,0.0217683,0.0225319,0.0232746,0.0239918,0.0246777,0.0253254,0.0259264,0.0264711,0.0269486,0.0273464,0.0276513,0.0278495,0.0279269,0.0278698,0.0276659,0.0273052,0.0267811,0.0260911,0.0252371,0.024301,0.0196925,0.0129411,
0.0103948,-nan,-nan,-nan,-nan,-nan,-nan,-nan,-nan,-nan,-nan,-nan,-nan,-nan,-nan,-nan,-nan,-nan,-nan,-nan,-nan,-nan,-nan,-nan,-nan,-nan,-nan,-nan,-nan,-nan,-nan,-nan,-nan,-nan,-nan,-nan,-nan,-nan,-nan,-nan,-nan,-nan,0.00361451,0.00590221,0.00755653,0.00893965,0.0101659,0.0112892,0.0123404,0.013339,0.0142981,0.0152272,0.0161333,0.0170214,0.0178953,0.0187575,0.0196095,0.0204522,0.0212851,0.0221069,0.0229154,0.0237071,0.0244772,0.0252198,0.0259271,0.02659,0.0271974,0.0277368,0.0281935,0.0285517,0.0287942,0.0289031,0.0288606,0.02865,0.028257,0.0276709,0.0268865,0.0259036,0.0248076,0.0200726,0.013429,
0.0103452,-nan,-nan,-nan,-nan,-nan,-nan,-nan,-nan,-nan,-nan,-nan,-nan,-nan,-nan,-nan,-nan,-nan,-nan,-nan,-nan,-nan,-nan,-nan,-nan,-nan,-nan,-nan,-nan,-nan,-nan,-nan,-nan,-nan,-nan,-nan,-nan,-nan,-nan,-nan,-nan,-nan,0.0036824,0.00595464,0.0076065,0.00899065,0.01022,0.0113483,0.0124064,0.0134138,0.0143839,0.0153266,0.0162489,0.0171563,0.0180528,0.0189413,0.0198237,0.020701,0.0215732,0.0224392,0.023297,0.0241433,0.0249734,0.0257809,0.0265578,0.027294,0.0279775,0.0285937,0.0291258,0.0295549,0.0298599,0.0300183,0.0300072,0.029804,0.0293886,0.0287449,0.027863,0.02674,0.0254648,0.0205908,0.0140748,
0.0103432,-nan,-nan,-nan,-nan,-nan,-nan,-nan,-nan,-nan,-nan,-nan,-nan,-nan,-nan,-nan,-nan,-nan,-nan,-nan,-nan,-nan,-nan,-nan,-nan,-nan,-nan,-nan,-nan,-nan,-nan,-nan,-nan,-nan,-nan,-nan,-nan,-nan,-nan,-nan,-nan,-nan,0.00374998,0.00600162,0.00764776,0.00903039,0.0102608,0.0113922,0.0124555,0.0134703,0.0144504,0.0154056,0.0163435,0.0172698,0.0181889,0.0191041,0.0200178,0.0209312,0.021845,0.0227584,0.0236699,0.0245763,0.0254732,0.0263544,0.0272114,0.0280337,0.0288081,0.0295183,0.0301453,0.0306665,0.0310567,0.0312878,0.0313303,0.0311543,0.0307317,0.0300387,0.0290587,0.027784,0.0263069,0.0212841,0.0149217,
0.0104036,-nan,-nan,-nan,-nan,-nan,-nan,-nan,-nan,-nan,-nan,-nan,-nan,-nan,-nan,-nan,-nan,-nan,-nan,-nan,-nan,-nan,-nan,-nan,-nan,-nan,-nan,-nan,-nan,-nan,-nan,-nan,-nan,-nan,-nan,-nan,-nan,-nan,-nan,-nan,-nan,-nan,0.00381668,0.00604207,0.00767877,0.00905697,0.0102858,0.0114182,0.0124847,0.0135053,0.0144937,0.0154602,0.0164125,0.0173569,0.0182982,0.01924,0.0201852,0.0211359,0.022093,0.0230565,0.0240254,0.0249973,0.0259679,0.0269315,0.0278797,0.0288017,0.0296834,0.0305072,0.0312515,0.0318904,0.0323936,0.0327269,0.0328525,0.0327312,0.0323241,0.0315964,0.0305215,0.0290839,0.0273784,0.022202,0.0160274,
0.010547,-nan,-nan,-nan,-nan,-nan,-nan,-nan,-nan,-nan,-nan,-nan,-nan,-nan,-nan,-nan,-nan,-nan,-nan,-nan,-nan,-nan,-nan,-nan,-nan,-nan,-nan,-nan,-nan,-nan,-nan,-nan,-nan,-nan,-nan,-nan,-nan,-nan,-nan,-nan,-nan,-nan,0.00388195,0.00607487,0.00769799,0.00906842,0.0102929,0.0114237,0.0124911,0.0135152,0.01451,0.0154859,0.0164512,0.0174123,0.0183745,0.0193422,0.0203188,0.021307,0.0223085,0.0233242,0.0243537,0.0253955,0.0264463,0.0275008,0.0285514,0.0295872,0.0305939,0.0315529,0.0324404,0.0332271,0.0338776,0.0343503,0.0345979,0.034569,0.0342106,0.0334724,0.0323126,0.030703,0.0287379,0.0234125,0.0174706,
0.0108029,-nan,-nan,-nan,-nan,-nan,-nan,-nan,-nan,-nan,-nan,-nan,-nan,-nan,-nan,-nan,-nan,-nan,-nan,-nan,-nan,-nan,-nan,-nan,-nan,-nan,-nan,-nan,-nan,-nan,-nan,-nan,-nan,-nan,-nan,-nan,-nan,-nan,-nan,-nan,-nan,-nan,0.00394521,0.00609889,0.00770379,0.00906273,0.0102796,0.0114058,0.0124714,0.0134965,0.0144952,0.0154782,0.0164542,0.01743,0.0184116,0.0194037,0.0204107,0.0214358,0.0224819,0.0235506,0.0246429,0.0257583,0.0268947,0.0280481,0.0292117,0.0303756,0.0315259,0.0326435,0.0337032,0.0346727,0.0355115,0.0361701,0.0365902,0.0367054,0.036444,0.0357341,0.034511,0.0327257,0.0304657,0.0250108,0.01936,
0.0112146,-nan,-nan,-nan,-nan,-nan,-nan,-nan,-nan,-nan,-nan,-nan,-nan,-nan,-nan,-nan,-nan,-nan,-nan,-nan,-nan,-nan,-nan,-nan,-nan,-nan,-nan,-nan,-nan,-nan,-nan,-nan,-nan,-nan,-nan,-nan,-nan,-nan,-nan,-nan,-nan,-nan,0.00400592,0.00611301,0.00769457,0.00903783,0.0102435,0.0113617,0.0124223,0.0134453,0.014445,0.0154323,0.0164163,0.0174042,0.0184025,0.0194168,0.020452,0.0215125,0.0226021,0.0237237,0.0248796,0.0260708,0.0272969,0.0285556,0.0298419,0.0311476,0.03246,0.0337607,0.0350242,0.0362161,0.0372916,0.0381933,0.0388507,0.0391797,0.0390848,0.0384642,0.0372192,0.0352667,0.0326738,0.0271346,0.0218496,
0.011847,-nan,0.0062758,0.0100566,0.0116446,0.0112747,0.00868555,-nan,-nan,-nan,-nan,-nan,-nan,-nan,-nan,-nan,-nan,-nan,-nan,-nan,-nan,-nan,-nan,-nan,-nan,-nan,-nan,-nan,-nan,-nan,-nan,-nan,-nan,-nan,-nan,-nan,-nan,-nan,-nan,-nan,-nan,-nan,0.00406355,0.00611612,0.0076687,0.00899166,0.0101819,0.0112884,0.0123404,0.0133578,0.014355,0.0153432,0.0163317,0.0173282,0.01834,0.0193731,0.0204335,0.0215265,0.0226571,0.0238298,0.0250483,0.0263156,0.0276335,0.029002,0.0304187,0.0318781,0.0333699,0.0348781,0.0363783,0.0378361,0.0392037,0.0404172,0.0413937,0.0420294,0.0421994,0.0417621,0.0405694,0.0384828,0.0355234,0.0299886,0.0251618,
0.0128018,0.00862557,0.0138162,0.0177344,0.0194746,0.0190784,0.0166304,0.0119088,-nan,-nan,-nan,-nan,-nan,-nan,-nan,-nan,-nan,-nan,-nan,-nan,-nan,-nan,-nan,-nan,-nan,-nan,-nan,-nan,-nan,-nan,-nan,-nan,-nan,-nan,-nan,-nan,-nan,-nan,-nan,-nan,-nan,-nan,0.00411762,0.00610716,0.0076246,0.00892216,0.0100925,0.011183,0.0122223,0.0132301,0.0142208,0.0152057,0.0161946,0.0171957,0.0182165,0.0192642,0.0203454,0.0214666,0.0226341,0.023854,0.025132,0.0264733,0.0278823,0.0293621,0.0309138,0.0325356,0.0342216,0.0359595,0.037729,0.039498,0.0412189,0.042824,0.0442199,0.0452828,0.0458545,0.0457426,0.0447293,0.0425896,0.0392509,0.0338857,0.0296262,
0.0142436,0.0145747,0.021306,0.0261647,0.0280837,0.0272724,0.0241152,0.018865,0.0108024,-nan,-nan,-nan,-nan,-nan,-nan,-nan,-nan,-nan,-nan,-nan,-nan,-nan,-nan,-nan,-nan,-nan,-nan,-nan,-nan,-nan,-nan,-nan,-nan,-nan,-nan,-nan,-nan,-nan,-nan,-nan,-nan,-nan,0.00416767,0.00608511,0.00756071,0.00882729,0.0099727,0.0110425,0.0120645,0.0130582,0.0140377,0.0150148,0.0159992,0.0169997,0.0180244,0.019081,0.0201773,0.0213209,0.0225193,0.0237805,0.0251123,0.0265225,0.0280184,0.029607,0.0312938,0.0330821,0.0349719,0.0369574,0.0390251,0.0411492,0.043287,0.0453721,0.0473058,0.0489478,0.0501056,0.0505277,0.0499039,0.0478791,0.0442055,0.0393188,0.0357434,
0.0164524,0.0211982,0.0306043,0.0367509,0.0386004,0.0367901,0.0321868,0.0254721,0.0165771,-nan,-nan,-nan,-nan,-nan,-nan,-nan,-nan,-nan,-nan,-nan,-nan,-nan,-nan,-nan,-nan,-nan,-nan,-nan,-nan,-nan,-nan,-nan,-nan,-nan,-nan,-nan,-nan,-nan,-nan,-nan,-nan,-nan,0.00421332,0.00604906,0.00747557,0.00870508,0.00982007,0.010864,0.0118637,0.0128381,0.0138014,0.0147652,0.0157395,0.0167334,0.0177557,0.0188146,0.0199188,0.0210771,0.0222984,0.0235925,0.0249694,0.0264396,0.0280142,0.0297041,0.0315203,0.0334725,0.0355684,0.0378114,0.0401983,0.0427149,0.0453298,0.0479862,0.0505896,0.0529926,0.0549757,0.0562268,0.0563243,0.0547327,0.0508996,0.0470828,0.0442926,
0.0199309,0.0298661,0.0433422,0.0509703,0.0520681,0.0482216,0.0411316,0.0320173,0.0211339,0.000490898,-nan,-nan,-nan,-nan,-nan,-nan,-nan,-nan,-nan,-nan,-nan,-nan,-nan,-nan,-nan,-nan,-nan,-nan,-nan,-nan,-nan,-nan,-nan,-nan,-nan,-nan,-nan,-nan,-nan,-nan,-nan,0.000712127,0.00425424,0.00599817,0.00736777,0.00855362,0.00963222,0.0106446,0.0116164,0.012566,0.0135072,0.0144517,0.0154095,0.0163901,0.0174025,0.0184558,0.0195593,0.0207228,0.0219568,0.0232726,0.0246826,0.0262002,0.0278401,0.0296179,0.0315506,0.0336553,0.0359491,0.0384475,0.0411616,0.0440943,0.0472342,0.0505453,0.0539524,0.0573194,0.0604194,0.0628946,0.0642106,0.0636101,0.0600548,0.0584816,0.0565073,
0.0256426,0.0424639,0.0620814,0.0709503,0.0696845,0.0619476,0.0508275,0.0381671,0.0242966,-nan,-nan,-nan,-nan,-nan,-nan,-nan,-nan,-nan,-nan,-nan,-nan,-nan,-nan,-nan,-nan,-nan,-nan,-nan,-nan,-nan,-nan,-nan,-nan,-nan,-nan,-nan,-nan,-nan,-nan,-nan,-nan,0.0013724,0.00429019,0.00593176,0.00723604,0.00837107,0.00940679,0.0103814,0.0113193,0.0122378,0.0131507,0.0140691,0.0150034,0.0159629,0.0169571,0.0179955,0.0190881,0.0202456,0.0214797,0.0228033,0.024231,0.025779,0.0274654,0.0293108,0.0313384,0.0335735,0.036044,0.0387793,0.0418088,0.0451587,0.0488464,0.0528713,0.0571979,0.0617303,0.0662709,0.0704591,0.0736843,0.0749733,0.0725927,0.0756552,0.0743414,
0.0355917,0.0625346,0.0915288,0.0999154,0.0926515,0.0778361,0.060518,0.0429533,0.0249619,-nan,-nan,-nan,-nan,-nan,-nan,-nan,-nan,-nan,-nan,-nan,-nan,-nan,-nan,-nan,-nan,-nan,-nan,-nan,-nan,-nan,-nan,-nan,-nan,-nan,-nan,-nan,-nan,-nan,-nan,-nan,-nan,0.00183153,0.00432101,0.00584927,0.00707919,0.00815565,0.00914144,0.0100716,0.0109689,0.0118497,0.0127272,0.0136123,0.014515,0.0154449,0.0164114,0.0174245,0.0184945,0.019633,0.0208524,0.0221673,0.0235937,0.0251504,0.026859,0.0287444,0.0308358,0.0331669,0.0357768,0.0387101,0.042017,0.0457519,0.0499701,0.054721,0.0600333,0.0658891,0.0721771,0.0786124,0.0846071,0.0890812,0.0894319,0.101984,0.100762,
0.0544128,0.097769,0.141201,0.14231,0.121297,0.0944526,0.0683017,0.0444261,0.0204134,-nan,-nan,-nan,-nan,-nan,-nan,-nan,-nan,-nan,-nan,-nan,-nan,-nan,-nan,-nan,-nan,-nan,-nan,-nan,-nan,-nan,-nan,-nan,-nan,-nan,-nan,-nan,-nan,-nan,-nan,-nan,-nan,0.00221689,0.00434663,0.00575028,0.00689615,0.00790563,0.0088338,0.00971218,0.0105616,0.0113974,0.0122319,0.0130755,0.0139381,0.0148289,0.0157574,0.0167336,0.017768,0.0188726,0.0200606,0.0213472,0.0227501,0.0242897,0.0259902,0.0278805,0.0299949,0.0323745,0.0350688,0.0381374,0.0416516,0.0456965,0.050371,0.0557864,0.062059,0.069291,0.0775282,0.0866761,0.0963411,0.105594,0.110871,0.142117,0.139612,
0.0945849,0.167574,0.231965,0.201182,0.152484,0.107602,0.0703147,0.0387415,-nan,-nan,-nan,-nan,-nan,-nan,-nan,-nan,-nan,-nan,-nan,-nan,-nan,-nan,-nan,-nan,-nan,-nan,-nan,-nan,-nan,-nan,-nan,-nan,-nan,-nan,-nan,-nan,-nan,-nan,-nan,-nan,-nan,0.00256053,0.00436708,0.00563458,0.00668595,0.00761927,0.00848139,0.00929996,0.0100936,0.0108764,0.0116595,0.012453,0.0132659,0.0141073,0.0149864,0.0159129,0.0168973,0.0179517,0.0190894,0.020326,0.0216798,0.0231723,0.0248295,0.0266826,0.0287695,0.031137,0.0338428,0.0369587,0.040575,0.0448046,0.0497899,0.0557084,0.062778,0.0712546,0.0814122,0.0934792,0.107483,0.123031,0.135523,0.19971,0.193246,
0.199381,0.333641,0.411807,0.261295,0.175078,0.108282,0.0591047,0.0100166,-nan,-nan,-nan,-nan,-nan,-nan,-nan,-nan,-nan,-nan,-nan,-nan,-nan,-nan,-nan,-nan,-nan,-nan,-nan,-nan,-nan,-nan,-nan,-nan,-nan,-nan,-nan,-nan,-nan,-nan,-nan,-nan,-nan,0.00287586,0.00438251,0.00550211,0.0064477,0.0072947,0.00808141,0.00883122,0.00956035,0.0102811,0.0110038,0.0117373,0.0124903,0.013271,0.0140882,0.0149511,0.0158699,0.0168561,0.0179228,0.0190853,0.0203618,0.0217738,0.0233476,0.0251151,0.0271158,0.029399,0.0320268,0.0350785,0.0386563,0.0428936,0.0479662,0.0541081,0.0616325,0.0709566,0.0826246,0.0973043,0.115692,0.138352,0.159769,0.26844,0.254076,
0.177626,0.404599,0.732646,0.291475,0.197194,0.102328,0.0363246,-nan,-nan,-nan,-nan,-nan,-nan,-nan,-nan,-nan,-nan,-nan,-nan,-nan,-nan,-nan,-nan,-nan,-nan,-nan,-nan,-nan,-nan,-nan,-nan,-nan,-nan,-nan,-nan,-nan,-nan,-nan,-nan,-nan,0.000790807,0.00321644,0.0044821,0.00547225,0.00632507,0.00709716,0.00781921,0.0085108,0.00918589,0.00985539,0.0105285,0.0112134,0.0119182,0.0126506,0.0134189,0.0142321,0.0151,0.0160339,0.0170468,0.0181539,0.0193733,0.0207271,0.0222421,0.0239512,0.0258961,0.028129,0.0307172,0.0337484,0.0373383,0.0416426,0.0468749,0.0533341,0.0614481,0.0718427,0.0854454,0.103629,0.128337,0.162009,0.200494,0.366218,0.340484,
0.00154557,0,0,0,0,0,0,0,0,0,0,0,0,0,0,0,0,0,0,0,0,0,0,0,0,0,0,0,0,0,0,0,0,0,0,0,0,0,0,0,0,0,0,0,0,0,0,0,0,0,0,0,0,0,0,0,0,0,0,0,0,0,0,0,0,0,0,0,0,0,0,0,0,0,0,0,0,0,0,0,0.000185403,
